,,,,,,,,
Sl. no.,Date,Adaptation Clinic Name,Village,Union,Problems Found (if any),Advice/ solution given,Point of Service,"Remarks 
(Next Follow up) "
1,19-10-2023,Nilganj Adaptation Clinic,Fatehpur,Nilgonj,Water crisis in rabi season for vegetables cultivation.,Use of mulching method in vegetable beds during rabi season.,Mobile Adaptation Clinic,30-10-2023
2,19-10-2023,Nilganj Adaptation Clinic,Fatehpur,Nilganj,Leaf curling of Chilli plant,Initially neem leaf extract and detergent powder mixed with water and sprayed on plants.,Mobile Adaptation Clinic,30-10-2024
3,19-10-2023,Nilganj Adaptation Clinic,Fatehpur,Nilganj,Insects in rice Mobile Adaptation Clinics,"Primarily in paddy Mobile Adaptation Clinic using Perching method, light trap and hand picking with net to control insects and retain sufficient water in the Mobile Adaptation Clinic.",Mobile Adaptation Clinic,30-10-2025
4,25-10-2023,Nilganj Adaptation Clinic,Dokkhin Doulotpur,"Nilganj
",Rice Stem Borer,"Virtaco 40 WG should be applied at 10 gm per bigha for control of Rice Stem Borer.
",Adaptation Clinic,06-11-2023
5,25-10-2023,Nilganj Adaptation Clinic,Purbo Mostafapur,Nilganj,Damping off Bottle Gourd,Mix 2 grams of Bavistin or Autostin 50WDG fungicide per liter of water and spray well on the soil at the bottom of the affected plant.,Adaptation Clinic,06-11-2023
6,30-10-2023,Nilganj Adaptation Clinic,East Amirabad,Nilganj,-,"As an advance measure to control pepper leaf curling problem, organic herbicides such as neem leaf extract, mahogany tree fruit extract, tobacco leaf extract and detergent powder mixed with water at seedling stage and after transplanting are sprayed well on the whole plant, besides providing various advice regarding crop cultivation in rabi season.",Mobile Adaptation Clinic,10-11-2023
7,30-10-2023,Nilganj Adaptation Clinic,Khalilpur,Nilganj,Leaf curl of chili,"1) Diseased trees and surrounding host trees should be removed and destroyed.
2) For control of vector insects, 20 ml Vertimec insecticide per 10 liters of water should be sprayed above and below the entire plant.
",Mobile Adaptation Clinic,10-11-2023
8,01-11-2023,Nilganj Adaptation Clinic,Goiatola,Nilganj,Damping off Tomato,Mix 2 grams of Bavistin fungicide per liter of water or 4 grams of Cupravit fungicide per liter of water and spray well on the soil at the bottom of the affected plant.,Adaptation Clinic,10-11-2023
9,01-11-2023,Nilganj Adaptation Clinic,Goiatola,Nilganj,Blossom end rot of Pumpkin,"1) Apply 50 to 80 grams of gypsum fertilizer per pit and moderate irrigation should be given. 2) Applying 4 kg of dolochun per cent of land in case of red soil. And if Dolochun is applied once, it does not have to be applied for 3 consecutive years.",Adaptation Clinic,15-11-2023
10,05-11-2023,Nilganj Adaptation Clinic,Purbo Mostafapur,Nilganj,Leaf curl of chili,"1) Diseased trees and surrounding host trees should be removed and destroyed.
2) For control of vector insects, 20 ml Vertimec insecticide per 10 liters of water should be sprayed above and below the entire plant.",Adaptation Clinic,15-11-2023
11,06-11-2023,Nilganj Adaptation Clinic,Gutabacha,Nilganj,Damping off Chilli,Mix 20 grams of Bavistin or Autostin 50WDG fungicide per 10 liter of water and spray well on the soil at the bottom of the affected plant.,Adaptation Clinic,15-11-2023
12,06-11-2023,Nilganj Adaptation Clinic,Rosnabad,Nilganj,-,"To control insects in tomato, Chilli, Pumpkin and Cucumber plants, as an advance measure in seedling stage and after transplanting, organic insecticides such as neem leaf extract, mahogany tree fruit extract, tobacco leaf extract and detergent powder mixed with water and should be sprayed throughout the plant at regular intervals.",Mobile Adaptation Clinic,15-11-2023
13,08-11-2023,Nilganj Adaptation Clinic,Rosnabad,Nilganj,-,"To control insects in Brinjal, Pumkin, Bottle Gourd and Khirai plants, as an advance measure in seedling stage and after transplanting, organic insecticides such as neem leaf extract, mahogany tree fruit extract, tobacco leaf extract and detergent powder mixed with water and should be sprayed throughout the plant at regular intervals.",Mobile Adaptation Clinic,18-11-2023
14,13-11-2023,Nilganj Adaptation Clinic,Purbo Amirabad,Nilganj,Gummy Stem Blight of Bottle Gourd,"Remove and destroy the affected plants, then spray every 7-10 days with 2 grams Ridomil Gold per liter of water.",Mobile Adaptation Clinic,20-11-2023
15,14-11-2023,Nilganj Adaptation Clinic,Uttar Doulotpur,Nilganj,Leaf Curl of Chili,"Infected plants should be removed and destroyed, then 2 ml of Vertimec insecticide per liter of water should be sprayed thoroughly over the entire plant, top and bottom of the leaves.",Adaptation Clinic,22-11-2023
16,14-11-2023,Nilganj Adaptation Clinic,Uttar Doulotpur,Nilganj,-,"As an advance measure to control insects in Chili plants organic insecticides such as neem leaf extract, mahogany tree fruit extract, tobacco leaf extract and detergent powder mixed with water and should be sprayed thoroughly over the entire plant, top and bottom of the leaves at regular intervals from seedling stage.",Adaptation Clinic,22-112023
17,14-11-2023,Nilganj Adaptation Clinic,Uttar Doulotpur,Nilganj,-,"As an advance measure to control insects in Chili, Tomato, Brinjal plants organic insecticides such as neem leaf extract, mahogany tree fruit extract, tobacco leaf extract and detergent powder mixed with water and should be sprayed thoroughly over the entire plant, top and bottom of the leaves at regular intervals from seedling stage.
Thinning of plants to maintain plant spacing and Weeding
",Adaptation Clinic,22-11-2023
18,15-11-2023,Nilganj Adaptation Clinic,Purbo Amirabad,Nilganj,Fall Army Worm of Maize,Carbaryl group insecticide Vitabril should be applied by mixing 3 grams per liter of water.,Mobile Adaptation Clinic,23-11-2023
19,16-11-2023,Nilganj Adaptation Clinic,Hazipur,Nilganj,Gummy Stem Blight of Bottle Gourd,"1) Remove and destroy the affected plants.
2) Spray every 7-10 days with 2 grams Ridomil Gold per liter of water.
     OR
Spray on plants by making Bordeaux mixer.
",Adaptation Clinic,23-11-2023
20,19-11-2023,Nilganj Adaptation Clinic,Goiatola,Nilganj,Pod Borer of Bean,"1. Collect and destroy infested flowers or fruit with insects daily.
2. Emamectin Benzoate group insecticide Proclaim should be sprayed well on all the plants in the late afternoon mixed at the rate of 1 gram per liter of water.
",Adaptation Clinic,26-11-2023
21,20-11-2023,Nilganj Adaptation Clinic,Goiatola,Nilganj,White Fly in Pumpkin Mobile Adaptation Clinic,"For control of whitefly in Pumpkin Mobile Adaptation Clinics, organic insecticides such as neem leaf extract, mahogany tree fruit extract, tobacco leaf extract and detergent powder mixed with water should be sprayed well on the entire plant at regular intervals.",Adaptation Clinic,27-11-2023
22,21-11-2023,Nilganj Adaptation Clinic,Amirabad,Nilganj,Fall Army Worm of Maize,Nitro 505 EC insecticide 1 ml per liter of water should be mixed proportionally and sprayed on the plants well in the late afternoon.,Adaptation Clinic,28-11-2023
23,23-11-2023,Nilganj Adaptation Clinic,Purbo Sonatola,Nilganj,Insects in vegetables Mobile Adaptation Clinics,"For control of insects in vegetables Mobile Adaptation Clinics, organic insecticides such as detergent powder, neem leaf extract, mahogany tree fruit extract, tobacco leaf extract mixed with water should be sprayed well on the entire plant at regular intervals.",Mobile Adaptation Clinic,30-11-2023
24,28-11-2023,Nilganj Adaptation Clinic,Rosnabad,Nilganj,Downy Mildew of Cucumber,"Remove and destroy the affected leaves, then spray every 7-10 days with 2 grams Ridomil Gold per liter of water.",Mobile Adaptation Clinic,05-12-2023
25,28-11-2023,Nilganj Adaptation Clinic,Rosnabad,Nilganj,Leaf Curling of Chilli and Cucumber,"For control of vector insects in pepper and cucumber plant, organic insecticides such as neem leaf extract, detergent powder, mahogany tree seed extract, tobacco leaf extract mixed with water should be sprayed well on the entire plant at regular intervals.",Mobile Adaptation Clinic,05-12-2023
26,28-11-2023,Nilganj Adaptation Clinic,Rosnabad,Nilganj,Anthracnose of Khirai,"Remove and destroy the affected leaves, then spray with 0.5 ml Tilt 250 EC per liter of water.",Mobile Adaptation Clinic,05-12-2023
27,28-11-2023,Nilganj Adaptation Clinic,Rosnabad,Nilganj,Anthracnose of Khirai,"Remove and destroy the affected leaves, then spray with 0.5 ml Tilt 250 EC per liter of water.",Mobile Adaptation Clinic,05-12-2023
28,07-12-2023,Nilganj Adaptation Clinic,Ghutabacha,Nilganj,Brinjal Shoot and Fruit Borer,Emamectin Benzoate group insecticide Proclaim should be sprayed well on all the plants in the late afternoon mixed at the rate of 1 gram per liter of water.,Mobile Adaptation Clinic,14-12-2023
29,07-12-2023,Nilganj Adaptation Clinic,Ghutabacha,Nilganj,Wilting of Brinjal,Prepare a Bordeaux mixture and spray it on the soil around the base of the plant.,Mobile Adaptation Clinic,14-12-2023
30,07-12-2023,Nilganj Adaptation Clinic,Nijkata,Nilganj,-,Regular weeding from the land to eliminate competition for nutrients with crops and reduce the risk of pests and diseases. Irrigation in the early morning or late afternoon to reduce water loss through evaporation and risk of fungal diseases. Staking tomato plants at the base of the plant support upright growth and fruit bearing.,Mobile Adaptation Clinic,14-12-2023
31,07-12-2023,Nilganj Adaptation Clinic,Nijkata,Nilganj,-,Regular weeding from the land to eliminate competition for nutrients with crops and reduce the risk of pests and diseases. Irrigation in the early morning or late afternoon to reduce water loss through evaporation and risk of fungal diseases. Staking tomato plants at the base of the plant support upright growth and fruit bearing.,Mobile Adaptation Clinic,14-12-2023
32,10-12-2023,Nilganj Adaptation Clinic,Ghutabacha,Nilganj,Brinjal Shoot and Fruit Borer,"Mix 0.5 ml of Voliam Flexi 300 SC in every liter of water, thoroughly wet the plants by spraying, and repeat the spray within 7 days.",Adaptation Clinic,17-12-2023
33,10-12-2023,Nilganj Adaptation Clinic,Ghutabacha,Nilganj,Leaf Curl of Chili,"Infected plants should be removed and destroyed, then 2 ml of Vertimec insecticide per liter of water should be sprayed thoroughly over the entire plant, top and bottom of the leaves.",Adaptation Clinic,17-12-2023
34,17-12-2023,Nilganj Adaptation Clinic,Akkelpur,Nilganj,Brinjal Shoot and Fruit Borer,"Mix 0.5 ml of Voliam Flexi 300 SC in every liter of water, thoroughly wet the plants by spraying, and repeat the spray within 7 days.",Adaptation Clinic,27-12-2023
35,20-12-2023,Nilganj Adaptation Clinic,Holdibaria,Nilganj,Fall Army Worm of Maize,Proclaim (1gm/L) or Tracer from the Spinosad group (0.4 ml/L) or Nitro (1ml/L) insecticides should be sprayed in the afternoon.,Mobile Adaptation Clinic,27-12-2023
36,20-12-2023,Nilganj Adaptation Clinic,Holdibaria,Nilganj,Leaf Curl of Chili,"Infected plants should be removed and destroyed, then 2 ml of Vertimec insecticide per liter of water should be sprayed thoroughly over the entire plant, top and bottom of the leaves.",Mobile Adaptation Clinic,27-12-2023
37,02-01-2024,Nilganj Adaptation Clinic,Amirabad,Nilganj,-,Provide guidance on sowing sunflower seeds properly.,Mobile Adaptation Clinic,09-01-2024
38,04-01-2024,Nilganj Adaptation Clinic,Uttar Doulatpur,Nilganj,-,Provide guidance on sowing sunflower seeds properly.,Mobile Adaptation Clinic,11-01-2024
39,04-01-2024,Nilganj Adaptation Clinic,Uttar Doulatpur,Nilganj,-,Provide guidance on sowing sunflower seeds properly.,Mobile Adaptation Clinic,11-01-2024
40,04-01-2024,Nilganj Adaptation Clinic,Dokkhin Doulotpur,Nilganj,-,Provide guidance on sowing sunflower seeds properly.,Mobile Adaptation Clinic,11-01-2024
41,04-01-2024,Nilganj Adaptation Clinic,Purbo Doulotpur,Nilganj,-,Provide guidance on sowing sunflower seeds properly.,Mobile Adaptation Clinic,11-01-2024
42,04-01-2024,Nilganj Adaptation Clinic,Purbo Doulotpur,Nilganj,-,Provide guidance on sowing sunflower seeds properly.,Mobile Adaptation Clinic,11-01-2024
43,04-01-2024,Nilganj Adaptation Clinic,Khalilpur,Nilganj,-,Provide guidance on sowing sunflower seeds properly.,Mobile Adaptation Clinic,11-01-2024
44,04-01-2024,Nilganj Adaptation Clinic,Purbo Amirabad,Nilganj,-,Provide guidance on sowing sunflower seeds properly.,Mobile Adaptation Clinic,11-01-2024
45,08-01-2024,Nilganj Adaptation Clinic,Dokkhin Doulotpur,Nilganj,-,Provide guidance on sowing sunflower seeds properly.,Mobile Adaptation Clinic,15-01-24
46,08-01-2024,Nilganj Adaptation Clinic,Dokkhin Doulotpur,Nilganj,-,Provide guidance on sowing sunflower seeds properly.,Mobile Adaptation Clinic,15-01-24
47,08-01-2024,Nilganj Adaptation Clinic,Nijkata,Nilganj,-,Provide guidance on sowing sunflower seeds properly.,Mobile Adaptation Clinic,15-01-24
48,08-01-2024,Nilganj Adaptation Clinic,Nijkata,Nilganj,-,Provide guidance on sowing sunflower seeds properly.,Mobile Adaptation Clinic,15-01-24
49,08-01-2024,Nilganj Adaptation Clinic,Nijkata,Nilganj,-,Provide guidance on sowing sunflower seeds properly.,Mobile Adaptation Clinic,15-01-24
50,08-01-2024,Nilganj Adaptation Clinic,Nijkata,Nilganj,-,Provide guidance on sowing sunflower seeds properly.,Mobile Adaptation Clinic,15-01-24
51,09-01-2024,Nilganj Adaptation Clinic,Mostafapur,Nilganj,-,Provide guidance on sowing sunflower seeds properly.,Mobile Adaptation Clinic,16-01-24
52,09-01-2024,Nilganj Adaptation Clinic,Mostafapur,Nilganj,-,"After sowing sunflower seeds, provide guidance on subsequent steps and care for the seedlings.",Mobile Adaptation Clinic,16-01-24
53,09-01-2024,Nilganj Adaptation Clinic,Mostafapur,Nilganj,-,"After sowing sunflower seeds, provide guidance on subsequent steps and care for the seedlings.",Mobile Adaptation Clinic,16-01-24
54,09-01-2024,Nilganj Adaptation Clinic,Mostafapur,Nilganj,-,"After sowing sunflower seeds, provide guidance on subsequent steps and care for the seedlings.",Mobile Adaptation Clinic,16-01-24
55,09-01-2024,Nilganj Adaptation Clinic,Mostafapur,Nilganj,-,"After sowing sunflower seeds, provide guidance on subsequent steps and care for the seedlings.",Mobile Adaptation Clinic,16-01-24
56,09-01-2024,Nilganj Adaptation Clinic,Mostafapur,Nilganj,-,"After sowing sunflower seeds, provide guidance on subsequent steps and care for the seedlings.",Mobile Adaptation Clinic,16-01-24
57,09-01-2024,Nilganj Adaptation Clinic,Mostafapur,Nilganj,-,"After sowing sunflower seeds, provide guidance on subsequent steps and care for the seedlings.",Mobile Adaptation Clinic,16-01-24
58,09-01-2024,Nilganj Adaptation Clinic,Mostafapur,Nilganj,-,"After sowing sunflower seeds, provide guidance on subsequent steps and care for the seedlings.",Mobile Adaptation Clinic,16-01-24
59,10-01-2024,Nilganj Adaptation Clinic,Ghutabacha,Nilganj,-,"After sowing sunflower seeds, provide guidance on subsequent steps and care for the seedlings.",Mobile Adaptation Clinic,17-01-24
60,10-01-2024,Nilganj Adaptation Clinic,Ghutabacha,Nilganj,-,"After sowing sunflower seeds, provide guidance on subsequent steps and care for the seedlings.",Mobile Adaptation Clinic,17-01-24
61,10-01-2024,Nilganj Adaptation Clinic,Ghutabacha,Nilganj,-,"After sowing sunflower seeds, provide guidance on subsequent steps and care for the seedlings.",Mobile Adaptation Clinic,17-01-24
62,10-01-2024,Nilganj Adaptation Clinic,Ghutabacha,Nilganj,-,"After sowing sunflower seeds, provide guidance on subsequent steps and care for the seedlings.",Mobile Adaptation Clinic,17-01-24
63,11-01-2024,Nilganj Adaptation Clinic,Mostafapur,Nilganj,Gummy Stem Blight of Bottle Gourd,Mancozeb + Metalaxyl group fungicide Ridomilgold MZ 68 WG mixed with water at the rate of 5.0 gm per liter and sprayed.,Mobile Adaptation Clinic,18-01-24
64,11-01-2024,Nilganj Adaptation Clinic,Mostafapur,Nilganj,Leaf Curl Disease of Tomato,"1. Affected plants should be removed and destroyed.
  2. Imidachlorpid group insecticide Admire 20 SL or Imitaf 20 SL should be mixed at the rate of 1 ml per liter of water and sprayed in the late afternoon.",Mobile Adaptation Clinic,18-01-24
65,11-01-2024,Nilganj Adaptation Clinic,Mostafapur,Nilganj,Leaf Curl Disease of Chili,"1. Affected plants should be removed and destroyed.
  2. Imidachlorpid group insecticide Admire 20 SL or Imitaf 20 SL should be mixed at the rate of 1 ml per liter of water and sprayed in the late afternoon.",Mobile Adaptation Clinic,18-01-24
66,11-01-2024,Nilganj Adaptation Clinic,Amirabad,Nilganj,-,"After sowing sunflower seeds, provide guidance on subsequent steps and care for the seedlings.",Mobile Adaptation Clinic,18-01-24
67,15-01-24,Nilganj Adaptation Clinic,Rosnabad,Nilganj,-,Provide necessary advice to take care of Boro rice seedlings.,Mobile Adaptation Clinic,20-01-24
68,16-01-24,Nilganj Adaptation Clinic,Rosnabad,Nilganj,Mosaic Virus of Pumkin,"1. Affected plants should be removed and destroyed.
  2. Imidachlorpid group insecticide Admire 20 SL or Imitaf 20 SL should be mixed at the rate of 1 ml per liter of water and sprayed in the late afternoon.",Adaptation Clinic,23-01-24
69,16-01-24,Nilganj Adaptation Clinic,Rosnabad,Nilganj,Mosaic Virus of Bitter Gourd,"1. Affected plants should be removed and destroyed.
  2. Imidachlorpid group insecticide Admire 20 SL or Imitaf 20 SL should be mixed at the rate of 1 ml per liter of water and sprayed in the late afternoon.",Adaptation Clinic,23-01-24
70,16-01-24,Nilganj Adaptation Clinic,Rosnabad,Nilganj,Mosaic Virus of Yard Long Bean,"1. Affected plants should be removed and destroyed.
  2. Imidachlorpid group insecticide Admire 20 SL or Imitaf 20 SL should be mixed at the rate of 1 ml per liter of water and sprayed in the late afternoon.",Adaptation Clinic,23-01-24
71,16-01-24,Nilganj Adaptation Clinic,Rosnabad,Nilganj,Leaf Curl Disease of Chili and Tomato,"1. Affected plants should be removed and destroyed.
  2. Imidachlorpid group insecticide Admire 20 SL or Imitaf 20 SL should be mixed at the rate of 1 ml per liter of water and sprayed in the late afternoon.",Adaptation Clinic,23-01-24
72,21-01-24,Nilganj Adaptation Clinic,Uttar Doulotpur,Nilganj,-,"After sowing sunflower seeds, provide guidance on subsequent steps and care for the seedlings.",Mobile Adaptation Clinic,28-01-24
73,21-01-24,Nilganj Adaptation Clinic,Uttar Doulotpur,Nilganj,-,"After sowing sunflower seeds, provide guidance on subsequent steps and care for the seedlings.",Mobile Adaptation Clinic,28-01-24
74,22-01-24,Nilganj Adaptation Clinic,Amirabad,Nilganj,-,"After sowing sunflower seeds, provide guidance on subsequent steps and care for the seedlings.",Mobile Adaptation Clinic,29-01-24
75,22-01-24,Nilganj Adaptation Clinic,Amirabad,Nilganj,-,"After sowing sunflower seeds, provide guidance on subsequent steps and care for the seedlings.",Mobile Adaptation Clinic,29-01-24
76,22-01-24,Nilganj Adaptation Clinic,Amirabad,Nilganj,-,"After sowing sunflower seeds, provide guidance on subsequent steps and care for the seedlings.",Mobile Adaptation Clinic,29-01-24
77,22-01-24,Nilganj Adaptation Clinic,Amirabad,Nilganj,-,"After sowing sunflower seeds, provide guidance on subsequent steps and care for the seedlings.",Mobile Adaptation Clinic,29-01-24
78,24-01-24,Nilganj Adaptation Clinic,Amirabad,Nilganj,-,"After sowing sunflower seeds, provide guidance on subsequent steps and care for the seedlings.",Mobile Adaptation Clinic,31-01-24
79,24-01-24,Nilganj Adaptation Clinic,Khalilpur,Nilganj,-,"After sowing sunflower seeds, provide guidance on subsequent steps and care for the seedlings.",Mobile Adaptation Clinic,31-01-24
80,24-01-24,Nilganj Adaptation Clinic,Khalilpur,Nilganj,-,"After sowing Maize seeds, provide guidance on subsequent steps and care for the seedlings.",Mobile Adaptation Clinic,31-01-24
81,24-01-24,Nilganj Adaptation Clinic,Khalilpur,Nilganj,-,Provide guidance on sowing sunflower seeds properly.,Mobile Adaptation Clinic,31-01-24
82,25-01-24,Nilganj Adaptation Clinic,Holdibaria,Nilganj,Leaf Curl Disease of Chili,"1. Affected plants should be removed and destroyed.
  2. Imidachlorpid group insecticide Admire 20 SL or Imitaf 20 SL should be mixed at the rate of 1 ml per liter of water and sprayed in the late afternoon.",Mobile Adaptation Clinic,01-02-2024
83,25-01-24,Nilganj Adaptation Clinic,Holdibaria,Nilganj,-,"After sowing sunflower seeds, provide guidance on subsequent steps and care for the seedlings.",Mobile Adaptation Clinic,01-02-2024
84,25-01-24,Nilganj Adaptation Clinic,Holdibaria,Nilganj,-,"After sowing sunflower seeds, provide guidance on subsequent steps and care for the seedlings.",Mobile Adaptation Clinic,01-02-2024
85,25-01-24,Nilganj Adaptation Clinic,Holdibaria,Nilganj,-,"After sowing sunflower seeds, provide guidance on subsequent steps and care for the seedlings.",Mobile Adaptation Clinic,01-02-2024
86,25-01-24,Nilganj Adaptation Clinic,Mostafapur,Nilganj,-,"After sowing sunflower seeds, provide guidance on subsequent steps and care for the seedlings.",Mobile Adaptation Clinic,01-02-2024
87,25-01-24,Nilganj Adaptation Clinic,Mostafapur,Nilganj,-,"After sowing sunflower seeds, provide guidance on subsequent steps and care for the seedlings.",Mobile Adaptation Clinic,01-02-2024
88,25-01-24,Nilganj Adaptation Clinic,Mostafapur,Nilganj,Damping off Sunflower,Carbendazim Group Fungicide Autostin 50 WG or Nowin 50 WP should be mixed at the rate of 2 gm / liter in water and spray on the soil of the plant base.,Mobile Adaptation Clinic,01-02-2024
89,31-01-24,Nilganj Adaptation Clinic,Dokkhin Doulotpur,Nilganj,Fall Army Worm of Maize,Chlorpyrifos + Cypermethrin group insecticide Nitro 505 EC should be mixed at the rate of 2 ml per liter of water and sprayed in the late afternoon.,Adaptation Clinic,08-02-2024
90,01-02-2024,Nilganj Adaptation Clinic,Amirabad,Nilganj,-,Site selection for Vermicompost plant,Farmers Field,08-02-2024
91,4/2/2024,Nilganj Adaptation Clinic,West Sonatola,Nilganj,Japanese Beetle of Maize,Imidachlorpid group insecticide should be mixed at the rate of 1 ml per liter of water and spray in the late afternoon.,Farmers Field,12-02-2024
92,4/2/2024,Nilganj Adaptation Clinic,Nababganj,Nilganj,-,Site selection for Vermicompost plant,Farmers Field,12-02-2024
93,4/2/2024,Nilganj Adaptation Clinic,Mostafapur,Nilganj,Yellow Mosaic of Pumkin,Imidachlorpid group insecticide should be mixed at the rate of 1 ml per liter of water and spray in the late afternoon.,Farmers Field,12-02-2024
94,4/2/2024,Nilganj Adaptation Clinic,Mostafapur,Nilganj,-,The first top dress of urea fertilizer and irrigation should be applied.,Farmers Field,12-02-2024
95,4/2/2024,Nilganj Adaptation Clinic,Goiatola,Nilganj,-,The first top dress of urea fertilizer and irrigation should be applied.,Farmers Field,12-02-2024
96,4/2/2024,Nilganj Adaptation Clinic,Goiatola,Nilganj,-,The first top dress of urea fertilizer and irrigation should be applied.,Farmers Field,12-02-2024
97,4/2/2024,Nilganj Adaptation Clinic,Goiatola,Nilganj,Late Blight of Tomato,Mancozeb + Metalaxyl group fungicide should be mixed at the rate of 2 gm per liter water and spray.,Farmers Field,12-02-2024
98,5/2/2024,Nilganj Adaptation Clinic,Adampur,Nilganj,-,Soil test of Boro Rice field,Farmers Field,13/02/2024
99,5/2/2024,Nilganj Adaptation Clinic,Holdibaria,Nilganj,Leaf Curl of Chili,Imidachlorpid group insecticide should be mixed at the rate of 1 ml per liter of water and spray in the late afternoon.,Farmers Field,13/02/2024
100,5/2/2024,Nilganj Adaptation Clinic,Holdibaria,Nilganj,Fall Army Worm of Maize,Carbaryl group insecticide should be mixed at the rate of 3 gm per liter of water and spray in the late afternoon.,Farmers Field,13/02/2024
101,5/2/2024,Nilganj Adaptation Clinic,Holdibaria,Nilganj,Late Blight of Tomato,Mancozeb + Metalaxyl group fungicide should be mixed at the rate of 2 gm per liter of water and spray.,Farmers Field,13/02/2024
102,5/2/2024,Nilganj Adaptation Clinic,Islampur,Nilganj,-,Gap filling and extra seedlings should be uprooted.,Farmers Field,13/02/2024
103,6/2/2024,Nilganj Adaptation Clinic,Amirabad,Nilganj,-,The first top dress of urea fertilizer and irrigation should be applied.,Farmers Field,14/02/2024
104,6/2/2024,Nilganj Adaptation Clinic,Amirabad,Nilganj,-,The first top dress of urea fertilizer and irrigation should be applied.,Farmers Field,14/02/2024
105,6/2/2024,Nilganj Adaptation Clinic,Amirabad,Nilganj,Fall Army Worm of Maize,Carbaryl group insecticide should be mixed at the rate of 3 gm per liter of water and spray in the late afternoon.,Farmers Field,14/02/2024
106,6/2/2024,Nilganj Adaptation Clinic,Amirabad,Nilganj,-,The first top dress of urea fertilizer and irrigation should be applied.,Farmers Field,14/02/2024
107,6/2/2024,Nilganj Adaptation Clinic,Amirabad,Nilganj,-,The first top dress of urea fertilizer and irrigation should be applied.,Farmers Field,14/02/2024
108,6/2/2024,Nilganj Adaptation Clinic,Holdibaria,Nilganj,Fall Army Worm of Maize,Carbaryl group insecticide should be mixed at the rate of 3 gm per liter of water and spray in the late afternoon.,Farmers Field,14/02/2024
109,6/2/2024,Nilganj Adaptation Clinic,Holdibaria,Nilganj,Late Blight of Tomato,Mancozeb + Metalaxyl group fungicide should be mixed at the rate of 2 gm per liter of water and spray.,Farmers Field,14/02/2024
110,6/2/2024,Nilganj Adaptation Clinic,Mostafapur,Nilganj,-,The first top dress of urea fertilizer and irrigation should be applied.,Farmers Field,14/02/2024
111,6/2/2024,Nilganj Adaptation Clinic,Mostafapur,Nilganj,-,The first top dress of urea fertilizer and irrigation should be applied.,Farmers Field,14/02/2024
112,6/2/2024,Nilganj Adaptation Clinic,Nijkata,Nilganj,-,The first top dress of urea fertilizer and irrigation should be applied.,Farmers Field,14/02/2024
113,11/2/2024,Nilganj Adaptation Clinic,Amirabad,Nilganj,-,The first top dress of urea fertilizer and irrigation should be applied.,Farmers Field,19/02/2024
114,11/2/2024,Nilganj Adaptation Clinic,Amirabad,Nilganj,-,The first top dress of urea fertilizer and irrigation should be applied.,Farmers Field,19/02/2024
115,11/2/2024,Nilganj Adaptation Clinic,Mostafapur,Nilganj,-,The first top dress of urea fertilizer and irrigation should be applied.,Farmers Field,19/02/2024
116,12/2/2024,Nilganj Adaptation Clinic,Dokkhin Doulatpur,Nilganj,-,The first top dress of urea fertilizer and irrigation should be applied.,Farmers Field,20/02/2024
117,12/2/2024,Nilganj Adaptation Clinic,Dokkhin Doulatpur,Nilganj,-,The first top dress of urea fertilizer and irrigation should be applied.,Farmers Field,20/02/2024
118,12/2/2024,Nilganj Adaptation Clinic,Dokkhin Doulatpur,Nilganj,-,The first top dress of urea fertilizer and irrigation should be applied.,Farmers Field,20/02/2024
119,12/2/2024,Nilganj Adaptation Clinic,Neyamotpur,Nilganj,Fall Army Worm of Maize,Lambda Cyhalothrin group insecticide should be mixed at the rate of 15 ml per 10 liters of water and spray in the late afternoon.,Farmers Field,20/02/2024
120,13/2/24,Nilganj Adaptation Clinic,Doulatpur,Nilganj,Fall Army Worm of Maize,Lambda Cyhalothrin group insecticide should be mixed at the rate of 15 ml per 10 liters of water and spray in the late afternoon.,Farmers Field,22/02/2024
121,14/2/24,Nilganj Adaptation Clinic,Rosnabad,Nilganj,-,The first top dress of urea fertilizer and irrigation should be applied.,Farmers Field,22/02/2024
122,14/2/24,Nilganj Adaptation Clinic,Mostafapur,Nilganj,Damping off Sunflower,Carbendazim group fungicide should be mixed at the rate of 20 grams per 10 liters of water and sprayed in the afternoon.,Adaptation Clinic,22/02/2024
123,14/2/24,Nilganj Adaptation Clinic,Mostafapur,Nilganj,Cutworm of Sunflower,Chlorpyrifos + Cypermethrin group insecticide should be mixed at the rate of 2 ml per litre of water and spray in the late afternoon.,Farmers Field,22/02/2024
124,15/2/24,Nilganj Adaptation Clinic,Chandpara,Nilganj,-,The first top dress of urea fertilizer and irrigation should be applied.,Farmers Field,22/02/2024
125,15/2/24,Nilganj Adaptation Clinic,Chandpara,Nilganj,-,The first top dress of urea fertilizer and irrigation should be applied.,Farmers Field,22/02/2024
126,15/2/24,Nilganj Adaptation Clinic,Chandpara,Nilganj,-,The first top dress of urea fertilizer and irrigation should be applied.,Farmers Field,22/02/2024
127,15/2/24,Nilganj Adaptation Clinic,Chandpara,Nilganj,-,The first top dress of urea fertilizer and irrigation should be applied.,Farmers Field,22/02/2024
128,15/2/24,Nilganj Adaptation Clinic,Goiatola,Nilganj,Fall Army Worm of Maize,Lambda Cyhalothrin group insecticide should be mixed at the rate of 15 ml per 10 liters of water and spray in the late afternoon.,Adaptation Clinic,22/02/2024
129,18/2/24,Nilganj Adaptation Clinic,Islampur,Nilganj,Cutworm of Sunflower,Chlorpyrifos + Cypermethrin group insecticide should be mixed at the rate of 2 ml per litre of water and spray in the late afternoon.,Farmers Field,27/02/2024
130,18/2/24,Nilganj Adaptation Clinic,Nabipur,Nilganj,Cutworm of Sunflower,Chlorpyrifos + Cypermethrin group insecticide should be mixed at the rate of 2 ml per litre of water and spray in the late afternoon.,Farmers Field,27/02/2024
131,19/2/24,Nilganj Adaptation Clinic,Kumirmara,Nilganj,-,The first top dress of urea fertilizer and irrigation should be applied.,Farmers Field,27/02/2024
132,19/2/24,Nilganj Adaptation Clinic,Kumirmara,Nilganj,-,The first top dress of urea fertilizer and irrigation should be applied.,Farmers Field,27/02/2024
133,19/2/24,Nilganj Adaptation Clinic,Kumirmara,Nilganj,-,Kharif-1 vegetable cultivation plan,Farmers Field,27/02/2024
134,19/2/24,Nilganj Adaptation Clinic,Kumirmara,Nilganj,-,The first top dress of urea fertilizer and irrigation should be applied.,Farmers Field,27/02/2024
135,19/2/24,Nilganj Adaptation Clinic,Ghutabacha,Nilganj,Cutworm of Sunflower,Emamectin Benzoate group insecticide should be mixed at the rate of 10 gm per 10 liters of water and spray.,Farmers Field,27/02/2024
136,20/2/24,Nilganj Adaptation Clinic,Mostafapur,Nilganj,-,Advice on cucumber plant care.,Farmers Field,28/02/2024
137,20/2/24,Nilganj Adaptation Clinic,Mostafapur,Nilganj,-,Advice on cucumber plant care.,Farmers Field,28/02/2024
138,20/2/24,Nilganj Adaptation Clinic,Mostafapur,Nilganj,-,Advice on Pumkin plant care.,Farmers Field,28/02/2024
139,25/2/24,Nilganj Adaptation Clinic,Goiatola,Nilganj,Fall Army Worm of Maize,Lufenuron (40%) + Emamectin benzoate (10%) group of insecticides should be mixed at the rate of 5 gm per 10 liters of water and sprayed in the late afternoon.,Adaptation Clinic,04-03-2024
140,27/2/24,Nilganj Adaptation Clinic,Purbo Amirabad,Nilganj,Downy Mildew of Cucumber,Pyraclostrobin 5% + Metiram 55% group fungicide should be mixed at the rate of 30 grams per 10 liters of water and sprayed well.,Adaptation Clinic,06-03-2024
141,29-02-24,Nilganj Adaptation Clinic,Adampur,Nilganj,-,The first top dress of urea fertilizer and irrigation should be applied.,Farmers Field,07-03-2024
142,29-02-24,Nilganj Adaptation Clinic,Adampur,Nilganj,-,The first top dress of urea fertilizer and irrigation should be applied.,Farmers Field,07-03-2024
143,29-02-24,Nilganj Adaptation Clinic,Islampur,Nilganj,-,The first top dress of urea fertilizer and irrigation should be applied.,Farmers Field,07-03-2024
144,29-02-24,Nilganj Adaptation Clinic,Purbo Amirabad,Nilganj,Fall Army Worm of Maize,Lufenuron (40%) + Emamectin benzoate (10%) group of insecticides mixed at the rate of 5 gm per 10 liters of water and sprayed in the late afternoon.,Farmers Field,07-03-2024
145,04-03-2024,Nilganj Adaptation Clinic,Purbo Amirabad,Nilganj,Leaf Rust of Yard Long Bean,Propiconazole group fungicides mixed at 0.5 ml per liter of water spray in the late afternoon.,Farmers Field,12-03-2024
146,04-03-2024,Nilganj Adaptation Clinic,Purbo Mostafapur,Nilganj,Cucumber whitefly insect,Imidachlorpid group insecticide should be mixed at the rate of 1 ml per liter of water and spray in the late afternoon.,Farmers Field,12-03-2024
147,04-03-2024,Nilganj Adaptation Clinic,Purbo Mostafapur,Nilganj,Leaf Miner of Snake Gourd,Cypermethrin group insecticide should be mixed at the rate of 1 ml per liter of water and sprayed in the late afternoon.,Farmers Field,12-03-2024
148,04-03-2024,Nilganj Adaptation Clinic,Mostafapur,Nilganj,Sunflower Stem Rot,"Carbendazim 12% + Mancozeb 63% fungicide mixed at the rate of 2 grams per liter of water should be sprayed in the afternoon and after 4-5 days copper oxychloride fungicide should be mixed at the rate of 5 grams per liter of water and sprayed in the afternoon, thus spraying at regular intervals.",Farmers Field,12-03-2024
149,04-03-2024,Nilganj Adaptation Clinic,Mostafapur,Nilganj,-,The 2nd top dress of urea fertilizer and irrigation should be applied.,Farmers Field,12-03-2024
150,04-03-2024,Nilganj Adaptation Clinic,Mostafapur,Nilganj,Sunflower Stem Rot,"Carbendazim 12% + Mancozeb 63% fungicide mixed at the rate of 2 grams per liter of water should be sprayed in the afternoon and after 4-5 days copper oxychloride fungicide should be mixed at the rate of 5 grams per liter of water and sprayed in the afternoon, thus spraying at regular intervals.",Farmers Field,12-03-2024
151,05-03-2024,Nilganj Adaptation Clinic,Islampur,Nilganj,Sunflower Stem Rot,"Carbendazim 12% + Mancozeb 63% fungicide mixed at the rate of 2 grams per liter of water should be sprayed in the afternoon and after 4-5 days copper oxychloride fungicide should be mixed at the rate of 5 grams per liter of water and sprayed in the afternoon, thus spraying at regular intervals.",Farmers Field,15-03-2024
152,05-03-2024,Nilganj Adaptation Clinic,Islampur,Nilganj,Sunflower Stem Rot,"Carbendazim 12% + Mancozeb 63% fungicide mixed at the rate of 2 grams per liter of water should be sprayed in the afternoon and after 4-5 days copper oxychloride fungicide should be mixed at the rate of 5 grams per liter of water and sprayed in the afternoon, thus spraying at regular intervals.",Farmers Field,15-03-2024
153,10-03-2024,Nilganj Adaptation Clinic,Amirabad,Nilganj,Sunflower Stem Rot,"Carbendazim 12% + Mancozeb 63% fungicide mixed at the rate of 2 grams per liter of water should be sprayed in the afternoon and after 4-5 days copper oxychloride fungicide should be mixed at the rate of 5 grams per liter of water and sprayed in the afternoon, thus spraying at regular intervals.",Farmers Field,25-03-2024
154,10-03-2024,Nilganj Adaptation Clinic,Islampur,Nilganj,Sunflower Stem Rot,"Carbendazim 12% + Mancozeb 63% fungicide mixed at the rate of 2 grams per liter of water should be sprayed in the afternoon and after 4-5 days copper oxychloride fungicide should be mixed at the rate of 5 grams per liter of water and sprayed in the afternoon, thus spraying at regular intervals.",Farmers Field,25-03-2024
155,10-03-2024,Nilganj Adaptation Clinic,Amirabad,Nilganj,Sunflower Stem Rot,"Carbendazim 12% + Mancozeb 63% fungicide mixed at the rate of 2 grams per liter of water should be sprayed in the afternoon and after 4-5 days copper oxychloride fungicide should be mixed at the rate of 5 grams per liter of water and sprayed in the afternoon, thus spraying at regular intervals.",Farmers Field,25-03-2024
156,14-03-2024,Nilganj Adaptation Clinic,Goiatola,Nilganj,Fall Army Worm of Maize,Lufenuron (40%) + Emamectin benzoate (10%) group of insecticides should be mixed at the rate of 5 gm per 10 liters of water and sprayed in the late afternoon.,Farmers Field,30-03-2024
157,14-03-2024,Nilganj Adaptation Clinic,Mostafapur,Nilganj,Fall Army Worm of Maize,Lufenuron (40%) + Emamectin benzoate (10%) group of insecticides should be mixed at the rate of 5 gm per 10 liters of water and sprayed in the late afternoon.,Farmers Field,30-04-2023
158,25-03-2024,Nilganj Adaptation Clinic,Mostafapur,Nilganj,Fall Army Worm of Maize,Lufenuron (40%) + Emamectin benzoate (10%) group of insecticides should be mixed at the rate of 5 gm per 10 liters of water and sprayed in the late afternoon.,Farmers Field,10-04-2024
159,25-03-2024,Nilganj Adaptation Clinic,Mostafapur,Nilganj,Fall Army Worm of Maize,Lufenuron (40%) + Emamectin benzoate (10%) group of insecticides should be mixed at the rate of 5 gm per 10 liters of water and sprayed in the late afternoon.,Farmers Field,10-04-2024
160,25-03-2024,Nilganj Adaptation Clinic,Goiatola,Nilganj,Fall Army Worm of Maize,Lufenuron (40%) + Emamectin benzoate (10%) group of insecticides should be mixed at the rate of 5 gm per 10 liters of water and sprayed in the late afternoon.,Farmers Field,10-04-2024
161,27-03-2024,Nilganj Adaptation Clinic,Gotabacha,Nilganj,Fall Army Worm of Maize,Lufenuron (40%) + Emamectin benzoate (10%) group of insecticides should be mixed at the rate of 5 gm per 10 liters of water and sprayed in the late afternoon.,Farmers Field,10-04-2024
162,27-03-2024,Nilganj Adaptation Clinic,Islampur,Nilganj,Fall Army Worm of Maize,Lufenuron (40%) + Emamectin benzoate (10%) group of insecticides should be mixed at the rate of 5 gm per 10 liters of water and sprayed in the late afternoon.,Farmers Field,10-04-2024
163,27-03-2024,Nilganj Adaptation Clinic,Goiatola,Nilganj,Fall Army Worm of Maize,Lufenuron (40%) + Emamectin benzoate (10%) group of insecticides should be mixed at the rate of 5 gm per 10 liters of water and sprayed in the late afternoon.,Farmers Field,10-04-2024
164,27-03-2024,Nilganj Adaptation Clinic,Islampur,Nilganj,Fall Army Worm of Maize,Lufenuron (40%) + Emamectin benzoate (10%) group of insecticides should be mixed at the rate of 5 gm per 10 liters of water and sprayed in the late afternoon.,Farmers Field,10-04-2024
165,27-03-2024,Nilganj Adaptation Clinic,Sayedpur,Nilganj,Fall Army Worm of Maize,Lufenuron (40%) + Emamectin benzoate (10%) group of insecticides should be mixed at the rate of 5 gm per 10 liters of water and sprayed in the late afternoon.,Farmers Field,10-04-2024
166,31-03-2024,Nilganj Adaptation Clinic,Sayedpur,Nilganj,Cutworm of Sunflower,Chlorpyrifos + Cypermethrin group insecticide should be mixed at the rate of 2 ml per litre of water and spray in the late afternoon.,Farmers Field,15-04-2024
167,31-03-2024,Nilganj Adaptation Clinic,Akkelpur,Nilganj,Cutworm of Sunflower,Chlorpyrifos + Cypermethrin group insecticide should be mixed at the rate of 2 ml per litre of water and spray in the late afternoon.,Farmers Field,15-04-2024
168,31-03-2024,Nilganj Adaptation Clinic,Akkelpur,Nilganj,Cutworm of Sunflower,Chlorpyrifos + Cypermethrin group insecticide should be mixed at the rate of 2 ml per litre of water and spray in the late afternoon.,Farmers Field,15-04-2024
169,04-04-2024,Nilganj Adaptation Clinic,Hajipur,Nilganj,Fall Army Worm of Maize,Lufenuron (40%) + Emamectin benzoate (10%) group of insecticides should be mixed at the rate of 5 gm per 10 liters of water and sprayed in the late afternoon.,Farmers Field,15-04-2024
170,04-04-2024,Nilganj Adaptation Clinic,Mojid baria,Nilganj,Fall Army Worm of Maize,Lufenuron (40%) + Emamectin benzoate (10%) group of insecticides should be mixed at the rate of 5 gm per 10 liters of water and sprayed in the late afternoon.,Farmers Field,15-04-2024
171,16-04-2024,Nilganj Adaptation Clinic,Dokhin Doulatpur,Nilganj,Leaf Blight of Rice,Spray Tricycozol and cupperoxicloride fungicide at 2ml/ l in the afternoon,Farmers Field,25-04-2024
172,22/04/2024,Nilganj Adaptation Clinic,Faridganj,Nilganj,Proper way of Harvesting Mungbean,Picking mung bean pods which are yellow green and are about to be ripen; stripping to obtain mung bean grains; washing the mung beans and leaching the water; putting the mung beans under sunlight to be aired.,Farmers Field,02-05-2024
173,22/04/2024,Nilganj Adaptation Clinic,Faridganj,Nilganj,Proper way of Harvesting Mungbean,Picking mung bean pods which are yellow green and are about to be ripen; stripping to obtain mung bean grains; washing the mung beans and leaching the water; putting the mung beans under sunlight to be aired.,Farmers Field,02-05-2024
174,22/04/2024,Nilganj Adaptation Clinic,Faridganj,Nilganj,Proper way of Harvesting Mungbean,Picking mung bean pods which are yellow green and are about to be ripen; stripping to obtain mung bean grains; washing the mung beans and leaching the water; putting the mung beans under sunlight to be aired.,Farmers Field,02-05-2024
175,22/04/2024,Nilganj Adaptation Clinic,Faridganj,Nilganj,Proper way of Harvesting Mungbean,Picking mung bean pods which are yellow green and are about to be ripen; stripping to obtain mung bean grains; washing the mung beans and leaching the water; putting the mung beans under sunlight to be aired.,Farmers Field,02-05-2024
176,22/04/2024,Nilganj Adaptation Clinic,Faridganj,Nilganj,Proper way of Harvesting Mungbean,Picking mung bean pods which are yellow green and are about to be ripen; stripping to obtain mung bean grains; washing the mung beans and leaching the water; putting the mung beans under sunlight to be aired.,Farmers Field,02-05-2024
177,22/04/2024,Nilganj Adaptation Clinic,Faridganj,Nilganj,Proper way of Harvesting Mungbean,Picking mung bean pods which are yellow green and are about to be ripen; stripping to obtain mung bean grains; washing the mung beans and leaching the water; putting the mung beans under sunlight to be aired.,Farmers Field,02-05-2024
178,22/04/2024,Nilganj Adaptation Clinic,Faridganj,Nilganj,Proper way of Harvesting Mungbean,Picking mung bean pods which are yellow green and are about to be ripen; stripping to obtain mung bean grains; washing the mung beans and leaching the water; putting the mung beans under sunlight to be aired.,Farmers Field,02-05-2024
179,22/04/2024,Nilganj Adaptation Clinic,Faridganj,Nilganj,Proper way of Harvesting Mungbean,Picking mung bean pods which are yellow green and are about to be ripen; stripping to obtain mung bean grains; washing the mung beans and leaching the water; putting the mung beans under sunlight to be aired.,Farmers Field,02-05-2024
180,22/04/2024,Nilganj Adaptation Clinic,Faridganj,Nilganj,Proper way of Harvesting Mungbean,Picking mung bean pods which are yellow green and are about to be ripen; stripping to obtain mung bean grains; washing the mung beans and leaching the water; putting the mung beans under sunlight to be aired.,Farmers Field,02-05-2024
181,22/04/2024,Nilganj Adaptation Clinic,Faridganj,Nilganj,Proper way of Harvesting Mungbean,Picking mung bean pods which are yellow green and are about to be ripen; stripping to obtain mung bean grains; washing the mung beans and leaching the water; putting the mung beans under sunlight to be aired.,Farmers Field,02-05-2024
182,22/04/2024,Nilganj Adaptation Clinic,Faridganj,Nilganj,Proper way of Harvesting Mungbean,Picking mung bean pods which are yellow green and are about to be ripen; stripping to obtain mung bean grains; washing the mung beans and leaching the water; putting the mung beans under sunlight to be aired.,Farmers Field,02-05-2024
183,22/04/2024,Nilganj Adaptation Clinic,Faridganj,Nilganj,Proper way of Harvesting Mungbean,Picking mung bean pods which are yellow green and are about to be ripen; stripping to obtain mung bean grains; washing the mung beans and leaching the water; putting the mung beans under sunlight to be aired.,Farmers Field,02-05-2024
184,24/04/2024,Nilganj Adaptation Clinic,Mostafapur,Nilganj,When to harvest Sunflower,"Sunflowers have died back completely and the backs of the blooms are brown, And the petals are starting to fall off and it's time to harvest. Cut the stalk with sharp scissors or pruners, about one foot down from the flower head, and dry it properly.",Adaptation Clinic,05-05-2024
185,24/04/2024,Nilganj Adaptation Clinic,Mostafapur,Nilganj,When to harvest Sunflower,"Sunflowers have died back completely and the backs of the blooms are brown, And the petals are starting to fall off and it's time to harvest. Cut the stalk with sharp scissors or pruners, about one foot down from the flower head, and dry it properly.",Adaptation Clinic,05-05-2024
186,24/04/2024,Nilganj Adaptation Clinic,Mostafapur,Nilganj,When to harvest Sunflower,"Sunflowers have died back completely and the backs of the blooms are brown, And the petals are starting to fall off and it's time to harvest. Cut the stalk with sharp scissors or pruners, about one foot down from the flower head, and dry it properly.",Adaptation Clinic,05-05-2024
187,24/04/2024,Nilganj Adaptation Clinic,Mostafapur,Nilganj,When to harvest Sunflower,"Sunflowers have died back completely and the backs of the blooms are brown, And the petals are starting to fall off and it's time to harvest. Cut the stalk with sharp scissors or pruners, about one foot down from the flower head, and dry it properly.",Adaptation Clinic,05-05-2024
188,24/04/2024,Nilganj Adaptation Clinic,Mostafapur,Nilganj,When to harvest Sunflower,"Sunflowers have died back completely and the backs of the blooms are brown, And the petals are starting to fall off and it's time to harvest. Cut the stalk with sharp scissors or pruners, about one foot down from the flower head, and dry it properly.",Adaptation Clinic,05-05-2024
189,25/04/2024,Nilganj Adaptation Clinic,Mostafapur,Nilganj,Bed Prepartion for Vegetable,"For peat remove all rocks, old roots, and plant debris. Dig down a little further with the shovel (a few more inches) to just loosen up the soil. Mix the soil with organic matter such as compost.",Farmers Field,06-05-2024
190,25/04/2024,Nilganj Adaptation Clinic,Mostafapur,Nilganj,Bed Prepartion for Vegetable,"For peat remove all rocks, old roots, and plant debris. Dig down a little further with the shovel (a few more inches) to just loosen up the soil. Mix the soil with organic matter such as compost.",Farmers Field,06-05-2024
191,25/04/2024,Nilganj Adaptation Clinic,Mostafapur,Nilganj,Bed Prepartion for Vegetable,"For peat remove all rocks, old roots, and plant debris. Dig down a little further with the shovel (a few more inches) to just loosen up the soil. Mix the soil with organic matter such as compost.",Farmers Field,06-05-2024
192,25/04/2024,Nilganj Adaptation Clinic,Mostafapur,Nilganj,Bed Prepartion for Vegetable,"For peat remove all rocks, old roots, and plant debris. Dig down a little further with the shovel (a few more inches) to just loosen up the soil. Mix the soil with organic matter such as compost.",Farmers Field,06-05-2024
193,25/04/2024,Nilganj Adaptation Clinic,Mostafapur,Nilganj,Bed Prepartion for Vegetable,"For peat remove all rocks, old roots, and plant debris. Dig down a little further with the shovel (a few more inches) to just loosen up the soil. Mix the soil with organic matter such as compost.",Farmers Field,06-05-2024
194,25/04/2024,Nilganj Adaptation Clinic,Mostafapur,Nilganj,Bed Prepartion for Vegetable,"For peat remove all rocks, old roots, and plant debris. Dig down a little further with the shovel (a few more inches) to just loosen up the soil. Mix the soil with organic matter such as compost.",Farmers Field,06-05-2024
195,25/04/2024,Nilganj Adaptation Clinic,Mostafapur,Nilganj,Bed Prepartion for Vegetable,"For peat remove all rocks, old roots, and plant debris. Dig down a little further with the shovel (a few more inches) to just loosen up the soil. Mix the soil with organic matter such as compost.",Farmers Field,06-05-2024
196,25/04/2024,Nilganj Adaptation Clinic,Amirabad,Nilganj,Stem Rot of Nut,Spray Carbendazim and Mancozeb Fungicide 2gm/l with water at Late Morning.,Adaptation Clinic,06-05-2024
197,28/04/2024,Nilganj Adaptation Clinic,Sayedpur,Nilganj,Cladosporium leaf spot of spinac,"Spray Carbendazim 12% + Mancozeb 63% fungicide mixed at the rate of 2 grams per liter of water should be sprayed in the afternoon and after 4-5 days copper oxychloride fungicide should be mixed at the rate of 5 grams per liter of water and sprayed in the afternoon, thus spraying at regular intervals.",Mobile Adaptation Clinic,12-05-2024
198,28/04/2024,Nilganj Adaptation Clinic,Sayedpur,Nilganj,Cladosporium leaf spot of spinac,"Spray Carbendazim 12% + Mancozeb 63% fungicide mixed at the rate of 2 grams per liter of water should be sprayed in the afternoon and after 4-5 days copper oxychloride fungicide should be mixed at the rate of 5 grams per liter of water and sprayed in the afternoon, thus spraying at regular intervals.",Mobile Adaptation Clinic,12-05-2024
199,28/04/2024,Nilganj Adaptation Clinic,Sayedpur,Nilganj,Cladosporium leaf spot of spinac,"Spray Carbendazim 12% + Mancozeb 63% fungicide mixed at the rate of 2 grams per liter of water should be sprayed in the afternoon and after 4-5 days copper oxychloride fungicide should be mixed at the rate of 5 grams per liter of water and sprayed in the afternoon, thus spraying at regular intervals.",Mobile Adaptation Clinic,12-05-2024
200,28/04/2024,Nilganj Adaptation Clinic,Sayedpur,Nilganj,Cladosporium leaf spot of spinac,"Spray Carbendazim 12% + Mancozeb 63% fungicide mixed at the rate of 2 grams per liter of water should be sprayed in the afternoon and after 4-5 days copper oxychloride fungicide should be mixed at the rate of 5 grams per liter of water and sprayed in the afternoon, thus spraying at regular intervals.",Mobile Adaptation Clinic,12-05-2024
201,28/04/2024,Nilganj Adaptation Clinic,Sayedpur,Nilganj,Cladosporium leaf spot of spinac,"Spray Carbendazim 12% + Mancozeb 63% fungicide mixed at the rate of 2 grams per liter of water should be sprayed in the afternoon and after 4-5 days copper oxychloride fungicide should be mixed at the rate of 5 grams per liter of water and sprayed in the afternoon, thus spraying at regular intervals.",Mobile Adaptation Clinic,12-05-2024
202,28/04/2024,Nilganj Adaptation Clinic,Sayedpur,Nilganj,Cladosporium leaf spot of spinac,"Spray Carbendazim 12% + Mancozeb 63% fungicide mixed at the rate of 2 grams per liter of water should be sprayed in the afternoon and after 4-5 days copper oxychloride fungicide should be mixed at the rate of 5 grams per liter of water and sprayed in the afternoon, thus spraying at regular intervals.",Mobile Adaptation Clinic,12-05-2024
203,28/04/2024,Nilganj Adaptation Clinic,Sayedpur,Nilganj,Cladosporium leaf spot of spinac,"Spray Carbendazim 12% + Mancozeb 63% fungicide mixed at the rate of 2 grams per liter of water should be sprayed in the afternoon and after 4-5 days copper oxychloride fungicide should be mixed at the rate of 5 grams per liter of water and sprayed in the afternoon, thus spraying at regular intervals.",Mobile Adaptation Clinic,12-05-2024
204,28/04/2024,Nilganj Adaptation Clinic,Sayedpur,Nilganj,Cladosporium leaf spot of spinac,"Spray Carbendazim 12% + Mancozeb 63% fungicide mixed at the rate of 2 grams per liter of water should be sprayed in the afternoon and after 4-5 days copper oxychloride fungicide should be mixed at the rate of 5 grams per liter of water and sprayed in the afternoon, thus spraying at regular intervals.",Mobile Adaptation Clinic,12-05-2024
205,28/04/2024,Nilganj Adaptation Clinic,Sayedpur,Nilganj,Cladosporium leaf spot of spinac,"Spray Carbendazim 12% + Mancozeb 63% fungicide mixed at the rate of 2 grams per liter of water should be sprayed in the afternoon and after 4-5 days copper oxychloride fungicide should be mixed at the rate of 5 grams per liter of water and sprayed in the afternoon, thus spraying at regular intervals.",Mobile Adaptation Clinic,12-05-2024
206,28/04/2024,Nilganj Adaptation Clinic,Sayedpur,Nilganj,Brinjal fruit and shoot borer,1)Use Pheromon trap  2) Spray Carbaryl group insecticide 2gm/l water in afternoon at 5-7 days interval.,Mobile Adaptation Clinic,12-05-2024
207,28/04/2024,Nilganj Adaptation Clinic,Sayedpur,Nilganj,Brinjal fruit and shoot borer,1)Use Pheromon trap  2) Spray Carbaryl group insecticide 2gm/l water in afternoon at 5-7 days interval.,Mobile Adaptation Clinic,12-05-2024
208,28/04/2024,Nilganj Adaptation Clinic,Sayedpur,Nilganj,Brinjal fruit and shoot borer,1)Use Pheromon trap  2) Spray Carbaryl group insecticide 2gm/l water in afternoon at 5-7 days interval.,Mobile Adaptation Clinic,12-05-2024
209,28/04/2024,Nilganj Adaptation Clinic,Sayedpur,Nilganj,Brinjal fruit and shoot borer,1)Use Pheromon trap  2) Spray Carbaryl group insecticide 2gm/l water in afternoon at 5-7 days interval.,Mobile Adaptation Clinic,12-05-2024
210,28/04/2024,Nilganj Adaptation Clinic,Sayedpur,Nilganj,Brinjal fruit and shoot borer,1)Use Pheromon trap  2) Spray Carbaryl group insecticide 2gm/l water in afternoon at 5-7 days interval.,Mobile Adaptation Clinic,12-05-2024
211,28/04/2024,Nilganj Adaptation Clinic,Sayedpur,Nilganj,Brinjal fruit and shoot borer,1)Use Pheromon trap  2) Spray Carbaryl group insecticide 2gm/l water in afternoon at 5-7 days interval.,Mobile Adaptation Clinic,12-05-2024
212,28/04/2024,Nilganj Adaptation Clinic,Sayedpur,Nilganj,Brinjal fruit and shoot borer,1)Use Pheromon trap  2) Spray Carbaryl group insecticide 2gm/l water in afternoon at 5-7 days interval.,Mobile Adaptation Clinic,12-05-2024
213,28/04/2024,Nilganj Adaptation Clinic,Sayedpur,Nilganj,Brinjal fruit and shoot borer,1)Use Pheromon trap  2) Spray Carbaryl group insecticide 2gm/l water in afternoon at 5-7 days interval.,Mobile Adaptation Clinic,12-05-2024
214,28/04/2024,Nilganj Adaptation Clinic,Sayedpur,Nilganj,Brinjal fruit and shoot borer,1)Use Pheromon trap  2) Spray Carbaryl group insecticide 2gm/l water in afternoon at 5-7 days interval.,Mobile Adaptation Clinic,12-05-2024
215,28/04/2024,Nilganj Adaptation Clinic,Sayedpur,Nilganj,leaf miner of yeard long bean,Spray cypermethrin group pesticide in 1gm/l water at afternoon,Mobile Adaptation Clinic,12-05-2024
216,28/04/2024,Nilganj Adaptation Clinic,Sayedpur,Nilganj,leaf miner of yeard long bean,Spray cypermethrin group pesticide in 1gm/l water at afternoon,Mobile Adaptation Clinic,12-05-2024
217,28/04/2024,Nilganj Adaptation Clinic,Sayedpur,Nilganj,leaf miner of yeard long bean,Spray cypermethrin group pesticide in 1gm/l water at afternoon,Mobile Adaptation Clinic,12-05-2024
218,28/04/2024,Nilganj Adaptation Clinic,Sayedpur,Nilganj,leaf miner of yeard long bean,Spray cypermethrin group pesticide in 1gm/l water at afternoon,Mobile Adaptation Clinic,12-05-2024
219,28/04/2024,Nilganj Adaptation Clinic,Sayedpur,Nilganj,leaf miner of yeard long bean,Spray cypermethrin group pesticide in 1gm/l water at afternoon,Mobile Adaptation Clinic,12-05-2024
220,28/04/2024,Nilganj Adaptation Clinic,Sayedpur,Nilganj,leaf miner of yeard long bean,Spray cypermethrin group pesticide in 1gm/l water at afternoon,Mobile Adaptation Clinic,12-05-2024
221,28/04/2024,Nilganj Adaptation Clinic,Hajipur,Nilganj,leaf miner of yeard long bean,Spray cypermethrin group pesticide in 1gm/l water at afternoon,Mobile Adaptation Clinic,12-05-2024
222,28/04/2024,Nilganj Adaptation Clinic,Sayedpur,Nilganj,leaf miner of yeard long bean,Spray cypermethrin group pesticide in 1gm/l water at afternoon,Mobile Adaptation Clinic,12-05-2024
223,28/04/2024,Nilganj Adaptation Clinic,Sayedpur,Nilganj,leaf miner of yeard long bean,Spray cypermethrin group pesticide in 1gm/l water at afternoon,Mobile Adaptation Clinic,12-05-2024
224,28.4.24,Nilganj Adaptation Clinic,Uttra Doulatpur,Nilganj,-,Cut the sunflower when the yellow petals fall off and oilseeds are hard,Farmers Field,9.5.24
225,28.4.24,Nilganj Adaptation Clinic,East Doulatpur,Nilganj,-,Cut the sunflower when the yellow petals fall off and oilseeds are hard,Farmers Field,9.5.24
226,28.4.24,Nilganj Adaptation Clinic,East Doulatpur,Nilganj,-,Cut the sunflower when the yellow petals fall off and oilseeds are hard,Farmers Field,9.5.24
227,30/04/2024,Nilganj Adaptation Clinic,Purbo Sonatola,Nilganj,Seedling Preparation,"On this adverse environment, prepare seedling for Kharif 1 vegetable before transplanting to the bed in the field. Prepare Madha properly with compost and fertilizer then transplant the seedlings carefully.",Adaptation Clinic,12-05-2024
228,30/04/2024,Nilganj Adaptation Clinic,Haldibaria,Nilganj,Seedling Preparation,"On this adverse environment, prepare seedling for Kharif 1 vegetable before transplanting to the bed in the field. Prepare Madha properly with compost and fertilizer then transplant the seedlings carefully.",Adaptation Clinic,12-05-2024
229,30/04/2024,Nilganj Adaptation Clinic,Kumirmara,Nilganj,Seedling Preparation,"On this adverse environment, prepare seedling for Kharif 1 vegetable before transplanting to the bed in the field. Prepare Madha properly with compost and fertilizer then transplant the seedlings carefully.",Adaptation Clinic,12-05-2024
230,30/04/2024,Nilganj Adaptation Clinic,Goiatola,Nilganj,Seedling Preparation,"On this adverse environment, prepare seedling for Kharif 1 vegetable before transplanting to the bed in the field. Prepare Madha properly with compost and fertilizer then transplant the seedlings carefully.",Adaptation Clinic,12-05-2024
231,05-05-2024,Nilganj Adaptation Clinic,Amirabad,Nilganj,Cladosporium leaf spot of spinac,"Spray Carbendazim 12% + Mancozeb 63% fungicide mixed at the rate of 2 grams per liter of water should be sprayed in the afternoon and after 4-5 days copper oxychloride fungicide should be mixed at the rate of 5 grams per liter of water and sprayed in the afternoon, thus spraying at regular intervals.",Mobile Adaptation Clinic,
232,05-05-2024,Nilganj Adaptation Clinic,Amirabad,Nilganj,Cladosporium leaf spot of spinac,"Spray Carbendazim 12% + Mancozeb 63% fungicide mixed at the rate of 2 grams per liter of water should be sprayed in the afternoon and after 4-5 days copper oxychloride fungicide should be mixed at the rate of 5 grams per liter of water and sprayed in the afternoon, thus spraying at regular intervals.",Mobile Adaptation Clinic,
233,05-05-2024,Nilganj Adaptation Clinic,Amirabad,Nilganj,Cladosporium leaf spot of spinac,"Spray Carbendazim 12% + Mancozeb 63% fungicide mixed at the rate of 2 grams per liter of water should be sprayed in the afternoon and after 4-5 days copper oxychloride fungicide should be mixed at the rate of 5 grams per liter of water and sprayed in the afternoon, thus spraying at regular intervals.",Mobile Adaptation Clinic,
234,05-05-2024,Nilganj Adaptation Clinic,Amirabad,Nilganj,Cladosporium leaf spot of spinac,"Spray Carbendazim 12% + Mancozeb 63% fungicide mixed at the rate of 2 grams per liter of water should be sprayed in the afternoon and after 4-5 days copper oxychloride fungicide should be mixed at the rate of 5 grams per liter of water and sprayed in the afternoon, thus spraying at regular intervals.",Mobile Adaptation Clinic,
235,05-05-2024,Nilganj Adaptation Clinic,Amirabad,Nilganj,Stem Rot of Nut,Spray Carbendazim and Mancozeb Fungicide 2gm/l with water at Late Morning.,Mobile Adaptation Clinic,
236,05-05-2024,Nilganj Adaptation Clinic,Amirabad,Nilganj,Stem Rot of Nut,Spray Carbendazim and Mancozeb Fungicide 2gm/l with water at Late Morning.,Mobile Adaptation Clinic,
237,05-05-2024,Nilganj Adaptation Clinic,Amirabad,Nilganj,Stem Rot of Nut,Spray Carbendazim and Mancozeb Fungicide 2gm/l with water at Late Morning.,Mobile Adaptation Clinic,
238,05-05-2024,Nilganj Adaptation Clinic,Amirabad,Nilganj,Stem Rot of Nut,Spray Carbendazim and Mancozeb Fungicide 2gm/l with water at Late Morning.,Mobile Adaptation Clinic,
239,05-05-2024,Nilganj Adaptation Clinic,Amirabad,Nilganj,Stem Rot of Nut,Spray Carbendazim and Mancozeb Fungicide 2gm/l with water at Late Morning.,Mobile Adaptation Clinic,
240,05-05-2024,Nilganj Adaptation Clinic,Amirabad,Nilganj,Stem Rot of Nut,Spray Carbendazim and Mancozeb Fungicide 2gm/l with water at Late Morning.,Mobile Adaptation Clinic,
241,05-05-2024,Nilganj Adaptation Clinic,Amirabad,Nilganj,Stem Rot of Nut,Spray Carbendazim and Mancozeb Fungicide 2gm/l with water at Late Morning.,Mobile Adaptation Clinic,
242,05-05-2024,Nilganj Adaptation Clinic,Amirabad,Nilganj,Stem Rot of Nut,Spray Carbendazim and Mancozeb Fungicide 2gm/l with water at Late Morning.,Mobile Adaptation Clinic,
243,05-05-2024,Nilganj Adaptation Clinic,Adampur,Nilganj,-,"To prepare bed in sorjan system, the beds must be wide and drainage system must be ensured",Farmers Field,19.5.24
244,05-05-2024,Nilganj Adaptation Clinic,Adampur,Nilganj,-,"In bed preparetion, usage of MOP and Gypsum fertilizer need to be ensured",Farmers Field,19.5.24
245,06-05-2024,Nilganj Adaptation Clinic,Rosnabad,Nilganj,Leaf Curl of Chili,Imidachlorpid group insecticide should be mixed at the rate of 1 ml per liter of water and spray in the late afternoon.,Adaptation Clinic,
246,06-05-2024,Nilganj Adaptation Clinic,Rosnabad,Nilganj,Leaf Curl of Chili,Imidachlorpid group insecticide should be mixed at the rate of 1 ml per liter of water and spray in the late afternoon.,Adaptation Clinic,
247,06-05-2024,Nilganj Adaptation Clinic,Amirabad,Nilganj,Leaf Curl of Chili,Imidachlorpid group insecticide should be mixed at the rate of 1 ml per liter of water and spray in the late afternoon.,Adaptation Clinic,
248,06-05-2024,Nilganj Adaptation Clinic,Adampur,Nilganj,Leaf Curl of Chili,Imidachlorpid group insecticide should be mixed at the rate of 1 ml per liter of water and spray in the late afternoon.,Adaptation Clinic,
249,06-05-2024,Nilganj Adaptation Clinic,Fatehpur,Nilganj,-,"To target Kharif-1 season, land selection for bed preparation needs to be initiated",Farmers Field,19.5.24
250,06-05-2024,Nilganj Adaptation Clinic,Fatehpur,Nilganj,-,"To target Kharif-1 season, land selection for bed preparation needs to be initiated",Farmers Field,19.5.24
251,06-05-2024,Nilganj Adaptation Clinic,Fatehpur,Nilganj,-,Rippen cobes need to be collected and should be stored after sun dry,Farmers Field,20.5.24
252,06-05-2024,Nilganj Adaptation Clinic,Khalilpur,Nilganj,Leaf Curl of Chili,Imidachlorpid group insecticide should be mixed at the rate of 1 ml per liter of water and spray in the late afternoon.,Adaptation Clinic,
253,07-05-2024,Nilganj Adaptation Clinic,Nababganj,Nilganj,-,Half of the vermicompost plant mut be filled with dry cowdung,Farmers Field,20.5.24
254,07-05-2024,Nilganj Adaptation Clinic,Rahmatpur,Nilganj,-,"To target Kharif-1 season, land selection for bed preparation needs to be initiated",Farmers Field,20.5.24
255,07-05-2024,Nilganj Adaptation Clinic,Rahmatpur,Nilganj,-,"To target Kharif-1 season, land selection for bed preparation needs to be initiated",Farmers Field,21.5.24
256,08-05-2024,Nilganj Adaptation Clinic,Mostafapur,Nilganj,Seedling Preparation,"On this adverse environment, prepare seedling for Kharif 1 vegetable before transplanting to the bed in the field. Prepare Madha properly with compost and fertilizer then transplant the seedlings carefully.",Mobile Adaptation Clinic,
257,08-05-2024,Nilganj Adaptation Clinic,Mostafapur,Nilganj,Seedling Preparation,"On this adverse environment, prepare seedling for Kharif 1 vegetable before transplanting to the bed in the field. Prepare Madha properly with compost and fertilizer then transplant the seedlings carefully.",Mobile Adaptation Clinic,
258,08-05-2024,Nilganj Adaptation Clinic,Mostafapur,Nilganj,Seedling Preparation,"On this adverse environment, prepare seedling for Kharif 1 vegetable before transplanting to the bed in the field. Prepare Madha properly with compost and fertilizer then transplant the seedlings carefully.",Mobile Adaptation Clinic,
259,08-05-2024,Nilganj Adaptation Clinic,Mostafapur,Nilganj,Seedling Preparation,"On this adverse environment, prepare seedling for Kharif 1 vegetable before transplanting to the bed in the field. Prepare Madha properly with compost and fertilizer then transplant the seedlings carefully.",Mobile Adaptation Clinic,
260,08-05-2024,Nilganj Adaptation Clinic,Mostafapur,Nilganj,Seedling Preparation,"On this adverse environment, prepare seedling for Kharif 1 vegetable before transplanting to the bed in the field. Prepare Madha properly with compost and fertilizer then transplant the seedlings carefully.",Mobile Adaptation Clinic,
261,08-05-2024,Nilganj Adaptation Clinic,Mostafapur,Nilganj,Seedling Preparation,"On this adverse environment, prepare seedling for Kharif 1 vegetable before transplanting to the bed in the field. Prepare Madha properly with compost and fertilizer then transplant the seedlings carefully.",Mobile Adaptation Clinic,
262,08-05-2024,Nilganj Adaptation Clinic,Mostafapur,Nilganj,Seedling Preparation,"On this adverse environment, prepare seedling for Kharif 1 vegetable before transplanting to the bed in the field. Prepare Madha properly with compost and fertilizer then transplant the seedlings carefully.",Mobile Adaptation Clinic,
263,08-05-2024,Nilganj Adaptation Clinic,Mostafapur,Nilganj,Seedling Preparation,"On this adverse environment, prepare seedling for Kharif 1 vegetable before transplanting to the bed in the field. Prepare Madha properly with compost and fertilizer then transplant the seedlings carefully.",Mobile Adaptation Clinic,
264,08-05-2024,Nilganj Adaptation Clinic,Mostafapur,Nilganj,Seedling Preparation,"On this adverse environment, prepare seedling for Kharif 1 vegetable before transplanting to the bed in the field. Prepare Madha properly with compost and fertilizer then transplant the seedlings carefully.",Mobile Adaptation Clinic,
265,08-05-2024,Nilganj Adaptation Clinic,Mostafapur,Nilganj,Seedling Preparation,"On this adverse environment, prepare seedling for Kharif 1 vegetable before transplanting to the bed in the field. Prepare Madha properly with compost and fertilizer then transplant the seedlings carefully.",Mobile Adaptation Clinic,
266,09-05-2024,Nilganj Adaptation Clinic,Amirabad,Nilganj,Seedling Preparation,"On this adverse environment, prepare seedling for Kharif 1 vegetable before transplanting to the bed in the field. Prepare Madha properly with compost and fertilizer then transplant the seedlings carefully.",Farmers Field,
267,09-05-2024,Nilganj Adaptation Clinic,Amirabad,Nilganj,Seedling Preparation,"On this adverse environment, prepare seedling for Kharif 1 vegetable before transplanting to the bed in the field. Prepare Madha properly with compost and fertilizer then transplant the seedlings carefully.",Farmers Field,
268,09-05-2024,Nilganj Adaptation Clinic,Amirabad,Nilganj,Seedling Preparation,"On this adverse environment, prepare seedling for Kharif 1 vegetable before transplanting to the bed in the field. Prepare Madha properly with compost and fertilizer then transplant the seedlings carefully.",Farmers Field,
269,09-05-2024,Nilganj Adaptation Clinic,Amirabad,Nilganj,Seedling Preparation,"On this adverse environment, prepare seedling for Kharif 1 vegetable before transplanting to the bed in the field. Prepare Madha properly with compost and fertilizer then transplant the seedlings carefully.",Farmers Field,
270,09-05-2024,Nilganj Adaptation Clinic,Amirabad,Nilganj,Seedling Preparation,"On this adverse environment, prepare seedling for Kharif 1 vegetable before transplanting to the bed in the field. Prepare Madha properly with compost and fertilizer then transplant the seedlings carefully.",Farmers Field,
271,09-05-2024,Nilganj Adaptation Clinic,Amirabad,Nilganj,Seedling Preparation,"On this adverse environment, prepare seedling for Kharif 1 vegetable before transplanting to the bed in the field. Prepare Madha properly with compost and fertilizer then transplant the seedlings carefully.",Farmers Field,
272,13.5.24,Nilganj Adaptation Clinic,Tungibaria,Nilganj,-,"To target Kharif-1 season, land selection for bed preparation needs to be initiated",Farmers Field,29.5.24
273,13.5.24,Nilganj Adaptation Clinic,Mokimpur,Nilganj,-,"Water level should be at least 3 feet, if possible water needs to be stored",Farmers Field,29.5.24
274,14.5.24,Nilganj Adaptation Clinic,Dokkhin Doulatpur,Nilganj,-,Half of the vermicompost plant mut be filled with dry cowdung after cleaning the plant,Farmers Field,29.5.24
275,14.5.24,Nilganj Adaptation Clinic,Dokkhin Doulatpur,Nilganj,-,"To target Kharif-1 season, land selection for bed preparation needs to be initiated",Farmers Field,29.5.24
276,19.5.24,Nilganj Adaptation Clinic,Fatehpur,Nilganj,-,Routine irrigation must be ensured,Farmers Field,2.6.24
277,19.5.24,Nilganj Adaptation Clinic,Fatehpur,Nilganj,-,Straw mulching needs to be implemented,Farmers Field,2.6.24
278,20.5.24,Nilganj Adaptation Clinic,Pakhimara,Nilganj,-,Weeds should be cleaned off the vegetable bed,Farmers Field,4.6.24
279,28.5.24,Nilganj Adaptation Clinic,Rosnabad,Nilganj,-,Bed must be raised and should be cleaned,Farmers Field,6.6.24
280,28.5.24,Nilganj Adaptation Clinic,Rosnabad,Nilganj,-,Stagnant water should be released from the top of vegetable beds,Farmers Field,6.6.24
281,30-05-2024,Nilganj Adaptation Clinic,Nijkata,Nilganj,What measures should be taken for vegetables after a heavy cyclone?,"1) Quickly remove standing water from fields using pumps, drainage channels, or trenches to prevent waterlogging
2)Where possible, gently aerate the soil to improve drainage and oxygen availability to the roots.
3) Watch closely for signs of diseases like bacterial wilt and fungal infections, which thrive in waterlogged conditions. Implement fungicide at afternoon.",Mobile Adaptation Clinic,12-06-2024
282,30-05-2024,Nilganj Adaptation Clinic,Nijkata,Nilganj,What measures should be taken for vegetables after a heavy cyclone?,"1) Quickly remove standing water from fields using pumps, drainage channels, or trenches to prevent waterlogging
2)Where possible, gently aerate the soil to improve drainage and oxygen availability to the roots.
3) Watch closely for signs of diseases like bacterial wilt and fungal infections, which thrive in waterlogged conditions. Implement fungicide at afternoon.",Mobile Adaptation Clinic,12-06-2024
283,30-05-2024,Nilganj Adaptation Clinic,Nijkata,Nilganj,What measures should be taken for vegetables after a heavy cyclone?,"1) Quickly remove standing water from fields using pumps, drainage channels, or trenches to prevent waterlogging
2)Where possible, gently aerate the soil to improve drainage and oxygen availability to the roots.
3) Watch closely for signs of diseases like bacterial wilt and fungal infections, which thrive in waterlogged conditions. Implement fungicide at afternoon.",Mobile Adaptation Clinic,12-06-2024
284,30-05-2024,Nilganj Adaptation Clinic,Nijkata,Nilganj,What measures should be taken for vegetables after a heavy cyclone?,"1) Quickly remove standing water from fields using pumps, drainage channels, or trenches to prevent waterlogging
2)Where possible, gently aerate the soil to improve drainage and oxygen availability to the roots.
3) Watch closely for signs of diseases like bacterial wilt and fungal infections, which thrive in waterlogged conditions. Implement fungicide at afternoon.",Mobile Adaptation Clinic,12-06-2024
285,30-05-2024,Nilganj Adaptation Clinic,Nijkata,Nilganj,What measures should be taken for vegetables after a heavy cyclone?,"1) Quickly remove standing water from fields using pumps, drainage channels, or trenches to prevent waterlogging
2)Where possible, gently aerate the soil to improve drainage and oxygen availability to the roots.
3) Watch closely for signs of diseases like bacterial wilt and fungal infections, which thrive in waterlogged conditions. Implement fungicide at afternoon.",Mobile Adaptation Clinic,12-06-2024
286,30-05-2024,Nilganj Adaptation Clinic,Nijkata,Nilganj,What measures should be taken for vegetables after a heavy cyclone?,"1) Quickly remove standing water from fields using pumps, drainage channels, or trenches to prevent waterlogging
2)Where possible, gently aerate the soil to improve drainage and oxygen availability to the roots.
3) Watch closely for signs of diseases like bacterial wilt and fungal infections, which thrive in waterlogged conditions. Implement fungicide at afternoon.",Mobile Adaptation Clinic,12-06-2024
287,30-05-2024,Nilganj Adaptation Clinic,Nijkata,Nilganj,What measures should be taken for vegetables after a heavy cyclone?,"1) Quickly remove standing water from fields using pumps, drainage channels, or trenches to prevent waterlogging
2)Where possible, gently aerate the soil to improve drainage and oxygen availability to the roots.
3) Watch closely for signs of diseases like bacterial wilt and fungal infections, which thrive in waterlogged conditions. Implement fungicide at afternoon.",Mobile Adaptation Clinic,12-06-2024
288,30-05-2024,Nilganj Adaptation Clinic,Nijkata,Nilganj,What measures should be taken for vegetables after a heavy cyclone?,"1) Quickly remove standing water from fields using pumps, drainage channels, or trenches to prevent waterlogging
2)Where possible, gently aerate the soil to improve drainage and oxygen availability to the roots.
3) Watch closely for signs of diseases like bacterial wilt and fungal infections, which thrive in waterlogged conditions. Implement fungicide at afternoon.",Mobile Adaptation Clinic,12-06-2024
289,30-05-2024,Nilganj Adaptation Clinic,Nijkata,Nilganj,What measures should be taken for vegetables after a heavy cyclone?,"1) Quickly remove standing water from fields using pumps, drainage channels, or trenches to prevent waterlogging
2)Where possible, gently aerate the soil to improve drainage and oxygen availability to the roots.
3) Watch closely for signs of diseases like bacterial wilt and fungal infections, which thrive in waterlogged conditions. Implement fungicide at afternoon.",Mobile Adaptation Clinic,12-06-2024
290,30-05-2024,Nilganj Adaptation Clinic,Nijkata,Nilganj,What measures should be taken for vegetables after a heavy cyclone?,"1) Quickly remove standing water from fields using pumps, drainage channels, or trenches to prevent waterlogging
2)Where possible, gently aerate the soil to improve drainage and oxygen availability to the roots.
3) Watch closely for signs of diseases like bacterial wilt and fungal infections, which thrive in waterlogged conditions. Implement fungicide at afternoon.",Mobile Adaptation Clinic,12-06-2024
291,30-05-2024,Nilganj Adaptation Clinic,Nijkata,Nilganj,What measures should be taken for vegetables after a heavy cyclone?,"1) Quickly remove standing water from fields using pumps, drainage channels, or trenches to prevent waterlogging
2)Where possible, gently aerate the soil to improve drainage and oxygen availability to the roots.
3) Watch closely for signs of diseases like bacterial wilt and fungal infections, which thrive in waterlogged conditions. Implement fungicide at afternoon.",Mobile Adaptation Clinic,12-06-2024
292,30-05-2024,Nilganj Adaptation Clinic,Nijkata,Nilganj,What measures should be taken for vegetables after a heavy cyclone?,"1) Quickly remove standing water from fields using pumps, drainage channels, or trenches to prevent waterlogging
2)Where possible, gently aerate the soil to improve drainage and oxygen availability to the roots.
3) Watch closely for signs of diseases like bacterial wilt and fungal infections, which thrive in waterlogged conditions. Implement fungicide at afternoon.",Mobile Adaptation Clinic,12-06-2024
293,30-05-2024,Nilganj Adaptation Clinic,Nijkata,Nilganj,What measures should be taken for vegetables after a heavy cyclone?,"1) Quickly remove standing water from fields using pumps, drainage channels, or trenches to prevent waterlogging
2)Where possible, gently aerate the soil to improve drainage and oxygen availability to the roots.
3) Watch closely for signs of diseases like bacterial wilt and fungal infections, which thrive in waterlogged conditions. Implement fungicide at afternoon.",Mobile Adaptation Clinic,12-06-2024
294,30-05-2024,Nilganj Adaptation Clinic,Nijkata,Nilganj,What measures should be taken for vegetables after a heavy cyclone?,"1) Quickly remove standing water from fields using pumps, drainage channels, or trenches to prevent waterlogging
2)Where possible, gently aerate the soil to improve drainage and oxygen availability to the roots.
3) Watch closely for signs of diseases like bacterial wilt and fungal infections, which thrive in waterlogged conditions. Implement fungicide at afternoon.",Mobile Adaptation Clinic,12-06-2024
295,02-06-2024,Nilganj Adaptation Clinic,Kumirmara,Nilganj,Aman Rice seed bed preparation procedure,Must be select high land for seed bed preparation and make ensure proper drainage system,Farmers Field,19-06-2024
296,02-06-2024,Nilganj Adaptation Clinic,Kumirmara,Nilganj,Aman Rice seed bed preparation procedure,Must be select high land for seed bed preparation and make ensure proper drainage system,Farmers Field,19-06-2024
297,02-06-2024,Nilganj Adaptation Clinic,Kumirmara,Nilganj,Aman Rice seed bed preparation procedure,Must be select high land for seed bed preparation and make ensure proper drainage system,Farmers Field,19-06-2024
298,02-06-2024,Nilganj Adaptation Clinic,Kumirmara,Nilganj,Aman Rice seed bed preparation procedure,Must be select high land for seed bed preparation and make ensure proper drainage system,Farmers Field,19-06-2024
299,02-06-2024,Nilganj Adaptation Clinic,Adampur,Nilganj,-,Weeds should be cleaned off the vegetable bed,Farmers Field,26.6.24
300,02-06-2024,Nilganj Adaptation Clinic,Adampur,Nilganj,-,GI wire must be installed in vegetable trellis,Farmers Field,26.6.24
301,04-06-2024,Nilganj Adaptation Clinic,Rosnabad,Nilganj,Fungal attack of cucumber,Carbendazim group fungicide should be sprayed according to machine rate,Farmers Field,26.6.24
302,04-06-2024,Nilganj Adaptation Clinic,Amirabad,Nilganj,Aman Rice seed bed preparation procedure,Must be select high land for seed bed preparation and make ensure proper drainage system,Mobile Adaptation Clinic,23-06-2024
303,04-06-2024,Nilganj Adaptation Clinic,Amirabad,Nilganj,Aman Rice seed bed preparation procedure,Must be select high land for seed bed preparation and make ensure proper drainage system,Mobile Adaptation Clinic,23-06-2024
304,04-06-2024,Nilganj Adaptation Clinic,Amirabad,Nilganj,Aman Rice seed bed preparation procedure,Must be select high land for seed bed preparation and make ensure proper drainage system,Mobile Adaptation Clinic,23-06-2024
305,04-06-2024,Nilganj Adaptation Clinic,Amirabad,Nilganj,Aman Rice seed bed preparation procedure,Must be select high land for seed bed preparation and make ensure proper drainage system,Mobile Adaptation Clinic,23-06-2024
306,04-06-2024,Nilganj Adaptation Clinic,Amirabad,Nilganj,Aman Rice seed bed preparation procedure,Must be select high land for seed bed preparation and make ensure proper drainage system,Mobile Adaptation Clinic,23-06-2024
307,04-06-2024,Nilganj Adaptation Clinic,Amirabad,Nilganj,Aman Rice seed bed preparation procedure,Must be select high land for seed bed preparation and make ensure proper drainage system,Mobile Adaptation Clinic,23-06-2024
308,09-06-2024,Nilganj Adaptation Clinic,Goiatola,Nilganj,Downy Mildew of Bitter gourd,1. Severe affected plants should be removed and destroyed.                      2. Spraying Mancozeb 2g/lit twice at 10 days interval.,Farmers Field,24-06-2024
309,09-06-2024,Nilganj Adaptation Clinic,Goiatola,Nilganj,Downy Mildew of Bitter gourd,1. Severe affected plants should be removed and destroyed.                      2. Spraying Mancozeb 2g/lit twice at 10 days interval.,Farmers Field,24-06-2024
310,09-06-2024,Nilganj Adaptation Clinic,Goiatola,Nilganj,Downy Mildew of Bitter gourd,1. Severe affected plants should be removed and destroyed.                      2. Spraying Mancozeb 2g/lit twice at 10 days interval.,Farmers Field,24-06-2024
311,09-06-2024,Nilganj Adaptation Clinic,Goiatola,Nilganj,Downy Mildew of Bitter gourd,1. Severe affected plants should be removed and destroyed.                      2. Spraying Mancozeb 2g/lit twice at 10 days interval.,Farmers Field,24-06-2024
312,09-06-2024,Nilganj Adaptation Clinic,Goiatola,Nilganj,Aman Rice seed bed preparation procedure,Must be select high land for seed bed preparation and make ensure proper drainage system,Mobile Adaptation Clinic,24-06-2024
313,09-06-2024,Nilganj Adaptation Clinic,Goiatola,Nilganj,Aman Rice seed bed preparation procedure,Must be select high land for seed bed preparation and make ensure proper drainage system,Mobile Adaptation Clinic,24-06-2024
314,09-06-2024,Nilganj Adaptation Clinic,Goiatola,Nilganj,Aman Rice seed bed preparation procedure,Must be select high land for seed bed preparation and make ensure proper drainage system,Mobile Adaptation Clinic,24-06-2024
315,09-06-2024,Nilganj Adaptation Clinic,Goiatola,Nilganj,Aman Rice seed bed preparation procedure,Must be select high land for seed bed preparation and make ensure proper drainage system,Mobile Adaptation Clinic,24-06-2024
316,09-06-2024,Nilganj Adaptation Clinic,Goiatola,Nilganj,Aman Rice seed bed preparation procedure,Must be select high land for seed bed preparation and make ensure proper drainage system,Mobile Adaptation Clinic,24-06-2024
317,09-06-2024,Nilganj Adaptation Clinic,Goiatola,Nilganj,Aman Rice seed bed preparation procedure,Must be select high land for seed bed preparation and make ensure proper drainage system,Mobile Adaptation Clinic,24-06-2024
318,09-06-2024,Nilganj Adaptation Clinic,Goiatola,Nilganj,Aman Rice seed bed preparation procedure,Must be select high land for seed bed preparation and make ensure proper drainage system,Mobile Adaptation Clinic,24-06-2024
319,09-06-2024,Nilganj Adaptation Clinic,Mokimpur,Nilganj,-,GI wire must be installed in vegetable trellis,Farmers Field,26.6.24
320,09-06-2024,Nilganj Adaptation Clinic,Rosnabad,Nilganj,-,Yellow sticky trap and pheromone trap should installed properly,Farmers Field,30.6.24
321,09-06-2024,Nilganj Adaptation Clinic,Purbo Sonatola,Nilganj,Bitter gourd plant damage in some place,The gap should be fiiled quickly by making seedling at home.,Farmers Field,24.06.24
322,09-06-2024,Nilganj Adaptation Clinic,Purbo Sonatola,Nilganj,Bitter gourd plant damage in some place,The gap should be fiiled quickly by making seedling at home.,Farmers Field,24.06.25
323,11.06.24,Nilganj Adaptation Clinic,Kumirmara,Nilganj,Seedling nurishing,Stick should be attached with seedling.,Farmers Field,30.06.24
324,11.06.24,Nilganj Adaptation Clinic,Kumirmara,Nilganj,Seedling nurishing,Stick should be attached with seedling and weeding should be done.,Farmers Field,30.06.24
325,11.06.24,Nilganj Adaptation Clinic,Kumirmara,Nilganj,Leaf curl of bitter gourd,It is recommended to spray Imidaclopid .,Farmers Field,30.06.24
326,12.6.24,Nilganj Adaptation Clinic,Dokkhin Doulatpur,Nilganj,-,Sticking needs to be set up with bitter gourd seedling,Farmers Field,30.6.24
327,12.6.24,Nilganj Adaptation Clinic,Amirabad,Nilganj,-,Seedbed should be prepared within July month,Farmers Field,30.6.24
328,12.06.24,Nilganj Adaptation Clinic,Dokkhin Doulatpur,Nilganj,Aman Rice seed bed preparation procedure,Must be select high land for seed bed preparation and make ensure proper drainage system,Farmers Field,
329,12.06.24,Nilganj Adaptation Clinic,Dokkhin Doulatpur,Nilganj,vegetable cultivation technology related problem,Manure should be apply in the vegetables bed.,Mobile Adaptation Clinic,
330,12.06.24,Nilganj Adaptation Clinic,Dokkhin Doulatpur,Nilganj,weeds in vegetables field,Weeds should be cleaned off the vegetable bed,Mobile Adaptation Clinic,
331,12.06.24,Nilganj Adaptation Clinic,Dokkhin Doulatpur,Nilganj,-,Manure should be apply in the vegetables bed.,Mobile Adaptation Clinic,
332,12.06.24,Nilganj Adaptation Clinic,Dokkhin Doulatpur,Nilganj,Cowdung wet in Vermicompost Chamber,Cowdung should be change from the chamber and chamber cover with polythene.,Mobile Adaptation Clinic,
333,12.06.24,Nilganj Adaptation Clinic,Dokkhin Doulatpur,Nilganj,-,Must be select high land for Aman seed bed preparation and make ensure proper drainage system,Mobile Adaptation Clinic,
334,12.06.24,Nilganj Adaptation Clinic,Dokkhin Doulatpur,Nilganj,-,Must be select high land for Aman seed bed preparation and make ensure proper drainage system,Mobile Adaptation Clinic,
335,12.06.24,Nilganj Adaptation Clinic,Dokkhin Doulatpur,Nilganj,-,Must be select high land for Aman seed bed preparation and make ensure proper drainage system,Mobile Adaptation Clinic,
336,12.06.24,Nilganj Adaptation Clinic,Dokkhin Doulatpur,Nilganj,-,Must be select high land for Aman seed bed preparation and make ensure proper drainage system,Mobile Adaptation Clinic,
337,12.06.24,Nilganj Adaptation Clinic,Dokkhin Doulatpur,Nilganj,vegetable cultivation technology related problem,Weeds should be cleaned off the vegetable bed and provide trellis,Mobile Adaptation Clinic,
338,19.6.24,Nilganj Adaptation Clinic,Dokkhin Doulatpur,Nilganj,-,Seedbed should be prepared within July month,Farmers Field,30.6.24
339,19.6.24,Nilganj Adaptation Clinic,Rosnabad,Nilganj,-,Regulated fungicide spray should be done after heavy rain,Farmers Field,2.7.24
340,19.6.24,Nilganj Adaptation Clinic,Rosnabad,Nilganj,-,Weeds should be cleaned off the vegetable bed,Farmers Field,2.7.24
341,23.06.24,Nilganj Adaptation Clinic,Mojidbaria,Nilganj,vegetable cultivation technology related problem,For vegetables cultivation bed should be high and ensure proper drainage system,Mobile Adaptation Clinic,14.07.24
342,23.06.24,Nilganj Adaptation Clinic,Mojidbaria,Nilganj,Weeds in vegetables field,Weeding should be done by hand hoe,Mobile Adaptation Clinic,14.07.24
343,23.06.24,Nilganj Adaptation Clinic,Mojidbaria,Nilganj,vegetable cultivation technology related problem,Yellow Trap and Pheromone trap,Mobile Adaptation Clinic,14.07.24
344,23.06.24,Nilganj Adaptation Clinic,Jalalpur,Nilganj,Yellowish leaf of chili,Spray 2g Mancogev mixed with 1L water,Mobile Adaptation Clinic,14.07.24
345,23.06.24,Nilganj Adaptation Clinic,Jalalpur,Nilganj,Yellowish leaf of Bitter gourd,Excessive water should be remove from bed and Spray 2g Mancogev mixed with 1L water,Mobile Adaptation Clinic,14.07.24
346,23.06.24,Nilganj Adaptation Clinic,Mojidbaria,Nilganj,leaf Curl of chilli,1kg half crushed neem seed soaked in 20L water for 24 Hours then spray the water in the field,Mobile Adaptation Clinic,14.07.24
347,23.06.24,Nilganj Adaptation Clinic,Mojidbaria,Nilganj,leaf Curl of chilli,1kg half crushed neem seed soaked in 20L water for 24 Hours then spray the water in the field,Mobile Adaptation Clinic,14.07.24
348,23.06.24,Nilganj Adaptation Clinic,Mojidbaria,Nilganj,Leaf Curl of Bitter gourd,Excessive water should be remove from bed and spray Emadacloropid insecticide,Mobile Adaptation Clinic,14.07.24
349,23.06.24,Nilganj Adaptation Clinic,Mojidbaria,Nilganj,Leaf Curl of Bitter gourd,Excessive water should be remove from bed and spray Emadacloropid insecticide,Mobile Adaptation Clinic,14.07.24
350,23.06.24,Nilganj Adaptation Clinic,Mojidbaria,Nilganj,How to prepare bed for aman seed,Must be select high land for Aman seed bed preparation and make ensure proper drainage system,Mobile Adaptation Clinic,14.07.24
351,23.06.24,Nilganj Adaptation Clinic,Mojidbaria,Nilganj,To knowledge about Aman rice seedbed,Aman seed should be sown in the seedbed within 15 july.,Mobile Adaptation Clinic,14.07.24
352,23.06.24,Nilganj Adaptation Clinic,Mojidbaria,Nilganj,Yellowish leaf of bitter gourd,Excessive water should be remove from bed and Spray 2g Mancogev mixed with 1L water,Mobile Adaptation Clinic,14.07.24
353,23.06.24,Nilganj Adaptation Clinic,Mojidbaria,Nilganj,To knowledge about Aman rice seedbed,Aman seed should be sown in the seedbed within 15 july.,Mobile Adaptation Clinic,14.07.24
354,23.06.24,Nilganj Adaptation Clinic,Mojidbaria,Nilganj,To knowledge about Aman rice seedbed,Aman seed should be sown in the seedbed within 15 july.,Mobile Adaptation Clinic,14.07.24
355,23.06.24,Nilganj Adaptation Clinic,Mojidbaria,Nilganj,To knowledge about Aman rice seedbed,Aman seed should be sown in the seedbed within 15 july.,Mobile Adaptation Clinic,14.07.24
356,23.06.24,Nilganj Adaptation Clinic,Mojidbaria,Nilganj,To knowledge about Aman rice seedbed,Aman seed should be sown in the seedbed within 15 july.,Mobile Adaptation Clinic,14.07.24
357,23.06.24,Nilganj Adaptation Clinic,Amirabad,Nilganj,Leaf curl of bitter gourd,It is recommended to spray Imidaclopid .,Farmers Field,02.07.24
358,23.06.24,Nilganj Adaptation Clinic,Amirabad,Nilganj,Problem in vegetable bed preparation,To drain out water from bed a deep canal should be made between two bed.,Farmers Field,02.07.24
359,24.06.24,Nilganj Adaptation Clinic,Amirabad,Nilganj,YLB leaf attack by fungus,Spraying Propiconazol group fungicide at the rate of 0.5mm in late afternoon.,Adaptation clinic,03.07.24
360,25.06.24,Nilganj Adaptation Clinic,Mostofapur,Nilganj,Leaf curl of bitter gourd,Spraying Imidaclopid group insecticide at the rate of 1ml/1L water,Adaptation clinic,04.07.24
361,26.06.24,Nilganj Adaptation Clinic,Amirabad,Nilganj,Fruit fly attack in bitter gourd field,Pheromone trap and yellow sticky trap should be placed in field as soon as possible,Mobile Adaptation Clinic,11.07.24
362,26.06.24,Nilganj Adaptation Clinic,Amirabad,Nilganj,Bitter gourd leaf being yellowish along with stem,Weeding should be done within two days and spray mancozeb group fungicide,Mobile Adaptation Clinic,11.07.24
363,26.06.24,Nilganj Adaptation Clinic,Amirabad,Nilganj,bottom part of bitter gourd is being rotten and leaf burn,Affected leaf should be destroyed and spray mancozeb+ carbendazim group fungicide if necessary,Mobile Adaptation Clinic,11.07.24
364,26.06.24,Nilganj Adaptation Clinic,Amirabad,Nilganj,Slower growth of plant in some place,Weeding should be done and Pheromone trap and yellow sticky trap should be placed in field as soon as possible,Mobile Adaptation Clinic,11.07.24
365,26.06.24,Nilganj Adaptation Clinic,Amirabad,Nilganj,To know about Aman rice seedbed,Seedbed should be prepare in this week and seeding within 15th july.,Mobile Adaptation Clinic,11.07.24
366,26.06.24,Nilganj Adaptation Clinic,Amirabad,Nilganj,To know about Aman rice seedbed,Seedbed should be prepare in this week and seeding within 15th july.,Mobile Adaptation Clinic,11.07.24
367,26.06.24,Nilganj Adaptation Clinic,Amirabad,Nilganj,To know about Aman rice seedbed,Seedbed should be prepare in this week and seeding within 15th july.,Mobile Adaptation Clinic,11.07.24
368,26.06.24,Nilganj Adaptation Clinic,Amirabad,Nilganj,Slower growth of plant in some place,Weeding should be done and Pheromone trap and yellow sticky trap should be placed in field as soon as possible,Mobile Adaptation Clinic,11.07.24
369,26.06.24,Nilganj Adaptation Clinic,Amirabad,Nilganj,Gummy stem blight of bottle gourd,Spray mancozeb+ cupper oxicloride group fungicide and affected leaf should be destroyed and spray in the morning then after 3 days spray insectide.,Mobile Adaptation Clinic,11.07.24
370,07.07.24,Nilganj Adaptation Clinic,Purbo Sonatola,Nilganj,Cowdung in upper side of compost plat is hard and bitter gourd plant damaged by excessive rainfall,Cowdung should be changed and add earth worm within 7 days. Apply mancozeb at bitter gourd field.,Farmers Field,16.7.24
371,10.7.24,Nilganj Adaptation Clinic,Rosnabad,Nilganj,Cucumber fruit became reddish at early stage,Zypsum fertilizer apply at the base of plant and drainout excessive water imidiately,Adaptation clinic,22.07.24
372,14.7.24,Nilganj Adaptation Clinic,Hajipur,Nilganj,Excessive weed in base of plant and yellow sticky trap aren't placed properly,Weeding should be done immediately and yellow sticky trap should be placed properly.,Mobile Adaptation Clinic,25.07.24
373,14.7.24,Nilganj Adaptation Clinic,Hajipur,Nilganj,Yellowish leaf of bitter gourd,Applying Nitrogen fertilizer at the base of bitter gourd and care should be taken that excess water does not accumulate at the base.,Mobile Adaptation Clinic,25.07.24
374,14.7.24,Nilganj Adaptation Clinic,Hajipur,Nilganj,White fly infection in bittergourd,Spray Imidachlorpid group insecticide mixed at the rate of 1 ml/L water in the late aftternoon,Mobile Adaptation Clinic,25.07.24
375,14.7.24,Nilganj Adaptation Clinic,Hajipur,Nilganj,White fly infection in bittergourd,Spray Imidachlorpid group insecticide mixed at the rate of 1 ml/L water in the late aftternoon,Mobile Adaptation Clinic,25.07.24
376,14.7.24,Nilganj Adaptation Clinic,Hajipur,Nilganj,Problem in Aman rice seedbed,Provide information about seedbed and drainage system,Mobile Adaptation Clinic,25.07.24
377,14.7.24,Nilganj Adaptation Clinic,Hajipur,Nilganj,Problem in Aman rice seedbed,Provide information about seedbed and drainage system,Mobile Adaptation Clinic,25.07.24
378,14.7.24,Nilganj Adaptation Clinic,Hajipur,Nilganj,Problem in Amar Bon bed preparation,Information was given to prepare proper bed according to guideline.,Mobile Adaptation Clinic,25.07.24
379,14.7.24,Nilganj Adaptation Clinic,Hajipur,Nilganj,No drainage system in Aman rice seedbed.,By making canal to ensure proper drainage system.,Mobile Adaptation Clinic,25.07.24
380,14.7.24,Nilganj Adaptation Clinic,Hajipur,Nilganj,Aman rice cultivation,Transplanting should be done at 25-30 days after sedding and follow line logo.,Mobile Adaptation Clinic,25.07.24
381,14.7.24,Nilganj Adaptation Clinic,Hajipur,Nilganj,Aman rice cultivation,Transplanting should be done at 25-30 days after sedding and follow line logo.,Mobile Adaptation Clinic,25.07.24
382,14.7.24,Nilganj Adaptation Clinic,Hajipur,Nilganj,Aman rice cultivation,Transplanting should be done at 25-30 days after sedding and follow line logo.,Mobile Adaptation Clinic,25.07.24
383,16.7.24,Nilganj Adaptation Clinic,Goiatola,Nilganj,White fly infection in bittergourd,Spray Imidachlorpid group insecticide mixed at the rate of 1 ml/L water in the late aftternoon,Farmers Field,31.7.24
384,16.7.24,Nilganj Adaptation Clinic,Goiatola,Nilganj,White fly infection in bittergourd,Spray Imidachlorpid group insecticide mixed at the rate of 1 ml/L water in the late aftternoon,Farmers Field,31.7.24
385,16.7.24,Nilganj Adaptation Clinic,Goiatola,Nilganj,White fly infection in bittergourd,Spray Imidachlorpid group insecticide mixed at the rate of 1 ml/L water in the late aftternoon,Farmers Field,31.7.24
386,16.7.24,Nilganj Adaptation Clinic,Goiatola,Nilganj,White fly infection in bittergourd,Spray Imidachlorpid group insecticide mixed at the rate of 1 ml/L water in the late aftternoon,Farmers Field,31.7.24
387,16.7.24,Nilganj Adaptation Clinic,Goiatola,Nilganj,White fly infection in bittergourd,Spray Imidachlorpid group insecticide mixed at the rate of 1 ml/L water in the late aftternoon,Farmers Field,31.7.24
388,16.7.24,Nilganj Adaptation Clinic,Goiatola,Nilganj,White fly infection in bittergourd and gummy stem blight of bottle gourd,Spray Imidachlorpid group insecticide mixed at the rate of 1 ml/L water in the late aftternoon for bittle gourd and Spray mancozeb+ cupper oxicloride group fungicide and affected leaf should be destroyed and spray in the morning then after 3 days spray insectide for bottle gourd.,Farmers Field,31.7.24
389,16.7.24,Nilganj Adaptation Clinic,Goiatola,Nilganj,White fly infection in bittergourd and gummy stem blight of bottle gourd.,Spray Imidachlorpid group insecticide mixed at the rate of 1 ml/L water in the late aftternoon for bittle gourd and Spray mancozeb+ cupper oxicloride group fungicide and affected leaf should be destroyed and spray in the morning for bottle gourd.,Farmers Field,31.7.24
390,27.7.24,Nilganj Adaptation Clinic,Mostofapur,Nilganj,Gummy stem blight of bottle gourd,Spray mancozeb+ cupper oxicloride group fungicide and affected leaf should be destroyed and spray in the morning,Adaptation Clinic,12.8.24
391,29.07.24,Nilganj Adaptation Clinic,Soyedpur,Nilganj,Information for Amar Bon,For new Amar Bon information was given according to guideline,Farmers Field,11.8.24
392,29.07.24,Nilganj Adaptation Clinic,Soyedpur,Nilganj,Water in chilli field.,Water should be drainout as soon as possible by pump.,Farmers Field,11.8.24
393,29.07.24,Nilganj Adaptation Clinic,Soyedpur,Nilganj,Yellowish leaf of bitter gourd for rainfall,Spraying mancozeb fungicide.,Farmers Field,11.8.24
394,29.07.24,Nilganj Adaptation Clinic,Soyedpur,Nilganj,Amar Bon information,Suggestion was given for Amar Bon tree plantation according to guideline.,Farmers Field,11.8.24
395,31.7.24,Nilganj Adaptation Clinic,Mostofapur,Nilganj,White fly infection in bittergourd,Spray Imidachlorpid group insecticide mixed at the rate of 1 ml/L water in the late aftternoon,Mobile Adaptation Clinic,07.08.24
396,31.7.24,Nilganj Adaptation Clinic,Taherpur,Nilganj,Yellowish leaf of bitter gourd,Stagnant water at the base of the plant should be drained quickly and mancozeb fungicide should be sprayed.,Mobile Adaptation Clinic,07.08.24
397,31.7.24,Nilganj Adaptation Clinic,Taherpur,Nilganj,Gummy stem blight of bottle gourd,Spray mancozeb+ cupper oxicloride group fungicide and affected leaf should be destroyed and spray in the morning,Mobile Adaptation Clinic,07.08.24
398,31.7.24,Nilganj Adaptation Clinic,Taherpur,Nilganj,Gummy stem blight of bottle gourd,Spray mancozeb+ cupper oxicloride group fungicide and affected leaf should be destroyed and spray in the morning,Mobile Adaptation Clinic,07.08.24
399,31.7.24,Nilganj Adaptation Clinic,Taherpur,Nilganj,Amar Bon information,Stick will be attached with provided plant for Amar Bon.,Mobile Adaptation Clinic,07.08.24
400,11.08.24,Nilganj Adaptation Clinic,Goiatola,Nilganj,Yellowish leaf if LYB,Spraying mancozeb + Carbendazim group fungicide as per instruction.,Mobile Adaptation Clinic,26.08.24
401,11.08.24,Nilganj Adaptation Clinic,Goiatola,Nilganj,Leaf roll of Okra,Spraying abamecting as per instruction.,Mobile Adaptation Clinic,26.08.24
402,11.08.24,Nilganj Adaptation Clinic,Goiatola,Nilganj,Yellowish leaf of bitter gourd,Stagnant water at the base of the plant should be drained quickly and mancozeb fungicide should be sprayed.,Mobile Adaptation Clinic,26.08.24
403,11.08.24,Nilganj Adaptation Clinic,Goiatola,Nilganj,Weeds and stugnant water,water should be drainout as soon as possible by pump and weeding should be done,Mobile Adaptation Clinic,26.08.24
404,11.08.24,Nilganj Adaptation Clinic,Goiatola,Nilganj,Weeds and stugnant water,water should be drainout as soon as possible by pump and weeding should be done,Mobile Adaptation Clinic,26.08.24
405,11.08.24,Nilganj Adaptation Clinic,Goiatola,Nilganj,Weeds and stugnant water,water should be drainout as soon as possible by pump and weeding should be done,Mobile Adaptation Clinic,26.08.24
406,11.08.24,Nilganj Adaptation Clinic,Goiatola,Nilganj,Yellowish leaf of some vegetables.,Spraying mancozeb + Carbendazim group fungicide as per instruction.,Mobile Adaptation Clinic,26.08.24
407,11.08.24,Nilganj Adaptation Clinic,Goiatola,Nilganj,Yellowish leaf if LYB,Spraying mancozeb + Carbendazim group fungicide as per instruction.,Mobile Adaptation Clinic,26.08.24
408,11.08.24,Nilganj Adaptation Clinic,Goiatola,Nilganj,Yellowish leaf if LYB,Spraying mancozeb + Carbendazim group fungicide as per instruction.,Mobile Adaptation Clinic,26.08.24
409,11.08.24,Nilganj Adaptation Clinic,Goiatola,Nilganj,Yellowish leaf if LYB,Spraying mancozeb + Carbendazim group fungicide as per instruction.,Mobile Adaptation Clinic,26.08.24
410,12.08.24,Nilganj Adaptation Clinic,Kumirmara,Nilganj,Vegetables damaged by aphid,Spraying Imidaclorpid and Sypermithion 1ml/L water,Farmers Field,28.08.24
411,12.08.24,Nilganj Adaptation Clinic,Kumirmara,Nilganj,Vegetables damaged by aphid,Spraying Imidaclorpid and Sypermithion 1ml/L water,Farmers Field,28.08.24
412,12.08.24,Nilganj Adaptation Clinic,Kumirmara,Nilganj,Vegetables damaged by aphid,Spraying Imidaclorpid and Sypermithion 1ml/L water,Farmers Field,28.08.24
413,13.08.24,Nilganj Adaptation Clinic,Ghutabacha,Nilganj,Vegetable field caring,Excessive water from vegetable field shoud be drained out.,Farmers Field,01.09.24
414,13.08.24,Nilganj Adaptation Clinic,Ghutabacha,Nilganj,Vegetable field caring,Excessive water from vegetable field shoud be drained out.,Farmers Field,01.09.24
415,13.08.24,Nilganj Adaptation Clinic,Ghutabacha,Nilganj,Vegetable field caring,Excessive water from vegetable field shoud be drained out.,Farmers Field,01.09.24
416,14.08.24,Nilganj Adaptation Clinic,Purbo sonatola,Nilganj,Leaf roll of Okra,Spraying abamecting as per instruction.,Mobile Adaptation Clinic,01.09.24
417,14.08.24,Nilganj Adaptation Clinic,Purbo sonatola,Nilganj,Leaf roll of Okra,Spraying abamecting as per instruction.,Mobile Adaptation Clinic,01.09.24
418,14.08.24,Nilganj Adaptation Clinic,Purbo sonatola,Nilganj,Rotting in bottle gourd,Spraying mancozeb + Carbendazim group fungicide as per instruction.,Mobile Adaptation Clinic,01.09.24
419,14.08.24,Nilganj Adaptation Clinic,Purbo sonatola,Nilganj,Yellowish leaf of bitter gourd,Spraying mancozeb in sunny time,Mobile Adaptation Clinic,01.09.24
420,14.08.24,Nilganj Adaptation Clinic,Purbo sonatola,Nilganj,Yellowish leaf of bitter gourd,Spraying mancozeb in sunny time,Mobile Adaptation Clinic,01.09.24
421,14.08.24,Nilganj Adaptation Clinic,Purbo sonatola,Nilganj,Yellowish leaf of bitter gourd,Spraying mancozeb in sunny time,Mobile Adaptation Clinic,01.09.24
422,14.08.24,Nilganj Adaptation Clinic,Purbo sonatola,Nilganj,Amon Rice information,Transplanting should be done by following line logo.,Mobile Adaptation Clinic,01.09.24
423,14.08.24,Nilganj Adaptation Clinic,Purbo sonatola,Nilganj,Amon Rice information,Transplanting should be done by following line logo.,Mobile Adaptation Clinic,01.09.24
424,14.08.24,Nilganj Adaptation Clinic,Purbo sonatola,Nilganj,Rotting in LYB,Spraying mancozeb in sunny time,Mobile Adaptation Clinic,01.09.24
425,14.08.24,Nilganj Adaptation Clinic,Purbo sonatola,Nilganj,Rotting in LYB,Spraying mancozeb in sunny time,Mobile Adaptation Clinic,01.09.24
426,15.08.24,Nilganj Adaptation Clinic,Nobipur,Nilganj,Amon Rice information,Transplanting should be done by following line logo.,Farmers Field,04.09.24
427,15.08.25,Nilganj Adaptation Clinic,Nobipur,Nilganj,Amon Rice information,Excessive water from transplanted field shoud be drained out.,Farmers Field,04.09.24
428,15.08.26,Nilganj Adaptation Clinic,Nobipur,Nilganj,Amon Rice information,Excessive water from transplanted field shoud be drained out.,Farmers Field,04.09.24
429,15.08.27,Nilganj Adaptation Clinic,Nobipur,Nilganj,Amon Rice information,Excessive water from transplanted field shoud be drained out.,Farmers Field,04.09.24
430,18.08.24,Nilganj Adaptation Clinic,Rosnabad,Nilganj,Rotting in Cucumber,Spraying mancozeb + Carbendazim group fungicide as per instruction in sunny time,Mobile Adaptation Clinic,28.08.24
431,18.08.24,Nilganj Adaptation Clinic,Rosnabad,Nilganj,Rotting in Cucumber,Spraying mancozeb + Carbendazim group fungicide as per instruction in sunny time,Mobile Adaptation Clinic,28.08.24
432,18.08.24,Nilganj Adaptation Clinic,Rosnabad,Nilganj,Rotting in Cucumber,Spraying mancozeb + Carbendazim group fungicide as per instruction in sunny time,Mobile Adaptation Clinic,28.08.24
433,18.08.24,Nilganj Adaptation Clinic,Rosnabad,Nilganj,Vegetable leaf roll,Spraying abamecting as per instruction.,Mobile Adaptation Clinic,28.08.24
434,18.08.24,Nilganj Adaptation Clinic,Rosnabad,Nilganj,Vegetable leaf roll,Spraying abamecting as per instruction.,Mobile Adaptation Clinic,28.08.24
435,18.08.24,Nilganj Adaptation Clinic,Rosnabad,Nilganj,Vegetable leaf roll,Spraying abamecting as per instruction.,Mobile Adaptation Clinic,28.08.24
436,18.08.24,Nilganj Adaptation Clinic,Rosnabad,Nilganj,Yellowish leaf of bitter gourd,Spraying mancozeb + Carbendazim group fungicide as per instruction in sunny time,Mobile Adaptation Clinic,28.08.24
437,18.08.24,Nilganj Adaptation Clinic,Rosnabad,Nilganj,Yellowish leaf of bitter gourd,Spraying mancozeb + Carbendazim group fungicide as per instruction in sunny time,Mobile Adaptation Clinic,28.08.24
438,19.08.24,Nilganj Adaptation Clinic,Sayedpur,Nilganj,Amar Bon bed damaged by rainfall,Amar Bon bed should be fixed at sunny time.,Farmers Field,07.9.24
439,19.08.24,Nilganj Adaptation Clinic,Hajipur,Nilganj,Aman Rice Information,Stugnant water should be drain out by pump and line logo should be maintained at the time of transplanting.,Farmers Field,07.9.24
440,19.08.24,Nilganj Adaptation Clinic,Hajipur,Nilganj,Aman Rice Information,Stugnant water should be drain out by pump and line logo should be maintained at the time of transplanting.,Farmers Field,07.9.24
441,19.08.24,Nilganj Adaptation Clinic,Hajipur,Nilganj,Aman Rice Information,Stugnant water should be drain out by pump and line logo should be maintained at the time of transplanting.,Farmers Field,07.9.24
442,19.08.24,Nilganj Adaptation Clinic,Hajipur,Nilganj,Aman Rice Information,Stugnant water should be drain out by pump and line logo should be maintained at the time of transplanting.,Farmers Field,07.9.24
443,19.08.24,Nilganj Adaptation Clinic,Hajipur,Nilganj,Aman Rice Information,Stugnant water should be drain out by pump and line logo should be maintained at the time of transplanting.,Farmers Field,07.9.24
444,19.08.24,Nilganj Adaptation Clinic,Hajipur,Nilganj,Aman Rice Information,Stugnant water should be drain out by pump and line logo should be maintained at the time of transplanting.,Farmers Field,07.9.24
445,19.08.24,Nilganj Adaptation Clinic,Hajipur,Nilganj,Aman Rice Information,Stugnant water should be drain out by pump and line logo should be maintained at the time of transplanting.,Farmers Field,07.9.24
446,19.08.24,Nilganj Adaptation Clinic,Hajipur,Nilganj,Aman Rice Information,Stugnant water should be drain out by pump and line logo should be maintained at the time of transplanting.,Farmers Field,07.9.24
447,19.08.24,Nilganj Adaptation Clinic,Hajipur,Nilganj,Aman Rice Information,Stugnant water should be drain out by pump and line logo should be maintained at the time of transplanting.,Farmers Field,07.9.24
448,20.08.24,Nilganj Adaptation Clinic,Goiatola,Nilganj,Vegetable bed was damaged by rainfall,Excessive water should be drain out and prepare new bed with mulching.,Farmers Field,08.09.24
449,20.08.24,Nilganj Adaptation Clinic,Goiatola,Nilganj,vegetable plant is rotten,spray Carbendazim fungicide as per instruction,Farmers Field,08.09.24
450,20.08.24,Nilganj Adaptation Clinic,Goiatola,Nilganj,vegetable plant is rotten,spray Carbendazim fungicide as per instruction,Farmers Field,08.09.24
451,20.08.24,Nilganj Adaptation Clinic,Goiatola,Nilganj,Aman Rice Information,Stugnant water should be drain out by pump and line logo should be maintained at the time of transplanting.,Farmers Field,08.09.24
452,20.08.24,Nilganj Adaptation Clinic,Mostofapur,Nilganj,Aman Rice Information,Stugnant water should be drain out by pump and line logo should be maintained at the time of transplanting.,Farmers Field,08.09.24
453,20.08.24,Nilganj Adaptation Clinic,Mostofapur,Nilganj,Aman Rice Information,Stugnant water should be drain out by pump and line logo should be maintained at the time of transplanting.,Farmers Field,08.09.24
454,21.08.24,Nilganj Adaptation Clinic,D. Doulatpur,Nilganj,Fish pond bank damaged,Damaged area should be covered by soil and polythene.,Farmers Field,26.08.24
455,21.08.24,Nilganj Adaptation Clinic,Soyedpur,Nilganj,Roll of Chilli,Spray Boron and Zinc along with Bio ferty as a vitamin. After 5 days spary fungicide as per requirement.,Adaptation Clinic,26.08.24
456,21.08.24,Nilganj Adaptation Clinic,Amirabad,Nilganj,Aman Rice Information,Stugnant water should be drain out by pump .,Mobile Adaptation clinic,02.09.24
457,21.08.24,Nilganj Adaptation Clinic,Amirabad,Nilganj,Aman Rice Information,Stugnant water should be drain out by pump .,Mobile Adaptation clinic,02.09.24
458,21.08.24,Nilganj Adaptation Clinic,Amirabad,Nilganj,Black spot in bottle gourd leaf.,Spray fungicide at the sunny time.,Mobile Adaptation clinic,02.09.24
459,21.08.24,Nilganj Adaptation Clinic,Amirabad,Nilganj,Aman Rice Information,Stugnant water should be drain out by pump .,Mobile Adaptation clinic,02.09.24
460,21.08.24,Nilganj Adaptation Clinic,Amirabad,Nilganj,Vegetable cultivation information,At the time of bed preparation mulching should be used,Mobile Adaptation clinic,02.09.24
461,21.08.24,Nilganj Adaptation Clinic,Amirabad,Nilganj,Vegetable cultivation information,At the time of bed preparation mulching should be used,Mobile Adaptation clinic,02.09.24
462,21.08.24,Nilganj Adaptation Clinic,Amirabad,Nilganj,Aman Rice Information,Stugnant water should be drain out by pump .,Mobile Adaptation clinic,02.09.24
463,21.08.24,Nilganj Adaptation Clinic,Amirabad,Nilganj,Vegetable cultivation information,At the time of bed preparation mulching should be used,Mobile Adaptation clinic,02.09.24
464,28.08.24,Nilganj Adaptation Clinic,Ghutabacha,Nilganj,Vegetable cultivation information,It is suggested to bring fallow land under cultivation.,Mobile Adaptation clinic,12.08.24
465,28.08.24,Nilganj Adaptation Clinic,Ghutabacha,Nilganj,Fruit rof of bottle gourd,Spraying mancozeb + Carbendazim group fungicide as per instruction in sunny time,Mobile Adaptation clinic,12.08.24
466,28.08.24,Nilganj Adaptation Clinic,Ghutabacha,Nilganj,Damage of vegetable field,Proper drainage system should be done at the time of bed preparation,Mobile Adaptation clinic,12.08.24
467,28.08.24,Nilganj Adaptation Clinic,Ghutabacha,Nilganj,Damage of vegetable field,Proper drainage system should be done at the time of bed preparation,Mobile Adaptation clinic,12.08.24
468,28.08.24,Nilganj Adaptation Clinic,Ghutabacha,Nilganj,Damage of vegetable field,Proper drainage system should be done at the time of bed preparation,Mobile Adaptation clinic,12.08.24
469,28.08.24,Nilganj Adaptation Clinic,Ghutabacha,Nilganj,Vegetable cultivation information,At the time of bed preparation mulching should be used,Mobile Adaptation clinic,12.08.24
470,28.08.24,Nilganj Adaptation Clinic,Ghutabacha,Nilganj,Vegetable cultivation information,At the time of bed preparation mulching should be used,Mobile Adaptation clinic,12.08.24
471,28.08.24,Nilganj Adaptation Clinic,Ghutabacha,Nilganj,Vegetable cultivation information,At the time of bed preparation mulching should be used,Mobile Adaptation clinic,12.08.24
472,01.9.24,Nilganj Adaptation Clinic,Mostofapur,Nilganj,Bed preparation for Amar Bon,According to our gouideline bed preparation should be done as soon as possible,Adaptation Clinic,12.9.24
473,01.9.24,Nilganj Adaptation Clinic,Mostofapur,Nilganj,Aman Rice Information,Stugnant water should be drain out by pump .,Adaptation Clinic,12.9.24
474,02.9.24,Nilganj Adaptation Clinic,Kumirmara,Nilganj,Weeds in Chilli field,Weeding should be done within 2 days,Adaptation Clinic,12.9.24
475,09.09.24,Nilganj Adaptation Clinic,Amirabad,Nilganj,Root rot of YLB,Spray Carbendazim fengicide @1.5gm/L in the afternoon.,Mobile Adaptation clinic,25.9.24
476,09.09.24,Nilganj Adaptation Clinic,Amirabad,Nilganj,Leaf Roll of squash gourd,Spray Imidaclorpid + abamectin benzoate @1ml/L & 1gm/L.,Mobile Adaptation clinic,25.9.24
477,09.09.24,Nilganj Adaptation Clinic,Amirabad,Nilganj,Grey mold of bottle gourd,Apply Copper Oxycloride/ mancogeb fangicide.,Mobile Adaptation clinic,25.9.24
478,09.09.24,Nilganj Adaptation Clinic,Amirabad,Nilganj,Bacterial leaf blight of Rice,Spray 50-100gm Potash fertilizer with 10L water in 5 decimal land.,Mobile Adaptation clinic,25.9.24
479,10.9.24,Nilganj Adaptation Clinic,Ghutabacha,Nilganj,Vegetables bed preparation,Recommended sorjon method for vegetables bed preparation.,Adaptation Clinic,22.9.24
480,11.9.24,Nilganj Adaptation Clinic,Neyamotpur,Nilganj,Aman Rice Information,Persing should be done in Rice field.,Adaptation Clinic,22.9.24
481,15.9.24,Nilganj Adaptation Clinic,Goiatola,Nilganj,Weeds in bottle gourd field,Weeding should be done within 2 days,Adaptation Clinic,29.9.24
482,17.9.24,Nilganj Adaptation Clinic,D. Doulatpur,Nilganj,Vermicompost Information,After collecting compost from plant cowdung should be added again.,Adaptation Clinic,29.9.24
483,18.09.24,Nilganj Adaptation Clinic,Rosnabad,Nilganj,Vegetable cultivation information,At the time of bed preparation soil treatment should be done.,Mobile Adaptation clinic,04.10.24
484,18.09.24,Nilganj Adaptation Clinic,Rosnabad,Nilganj,Vegetable cultivation information,At the time of bed preparation soil treatment should be done.,Mobile Adaptation clinic,04.10.24
485,18.09.24,Nilganj Adaptation Clinic,Rosnabad,Nilganj,Vegetable cultivation information,At the time of bed preparation mulching should be used,Mobile Adaptation clinic,04.10.24
486,18.09.24,Nilganj Adaptation Clinic,Rosnabad,Nilganj,Vegetable cultivation information,At the time of bed preparation mulching should be used,Mobile Adaptation clinic,04.10.24
487,18.09.24,Nilganj Adaptation Clinic,Rosnabad,Nilganj,Vegetable cultivation information,At the time of bed preparation mulching should be used,Mobile Adaptation clinic,04.10.24
488,18.09.24,Nilganj Adaptation Clinic,Rosnabad,Nilganj,Leaf Roll of squash gourd,Spray Imidaclorpid + abamectin benzoate @1ml/L & 1gm/L.,Mobile Adaptation clinic,04.10.24
489,23.9.24,Nilganj Adaptation Clinic,Khalilpur,Nilganj,Seedling information,At the time of seeding must be used organic fertilizer along with cocopit/ soil in seedling tray.,Adaptation Clinic,5.10.24
490,24.09.24,Nilganj Adaptation Clinic,Amirabad,Nilganj,Leaf spot of yardlong bean,Spraying mancozeb /Carbendazim group fungicide as per instruction in sunny time,Adaptation Clinic,09.10.24
491,25.09.24,Nilganj Adaptation Clinic,Amirabad,Nilganj,Aphid of yardlong bean,Spray Imidachlorpid group insecticide mixed at the rate of 1 ml/L water in the late aftternoon,Mobile Adaptation clinic,09.10.24
492,25.09.24,Nilganj Adaptation Clinic,Rosnabad,Nilganj,Downy Mildew of Sweet Gourd,1. Severe affected plants should be removed and destroyed.                      2. Spraying Mancozeb 2g/lit twice at 10 days interval.,Mobile Adaptation clinic,09.10.24
493,25.09.24,Nilganj Adaptation Clinic,Amirabad,Nilganj,Management of rice from pests,Using Bamboo poles or tree branches for perching method at rice field,Mobile Adaptation clinic,09.10.24
494,25.09.24,Nilganj Adaptation Clinic,Amirabad,Nilganj,Vegetable Cultivation,Using organic fertilizer for bed preparation,Mobile Adaptation clinic,09.10.24
495,25.09.24,Nilganj Adaptation Clinic,Amirabad,Nilganj,White fly of okra,Use of yellow sticky trap to reduce infestation,Mobile Adaptation clinic,09.10.24
496,25.09.24,Nilganj Adaptation Clinic,Rosnabad,Nilganj,Management of rice from pests,Cultivation of bean seedling at the Ail of rice field to reduce pests,Mobile Adaptation clinic,09.10.24
497,25.09.24,Nilganj Adaptation Clinic,Amirabad,Nilganj,Grey mold of bottle gourd,Spray Copper Oxichloride grup fungicide as per instruction,Mobile Adaptation clinic,09.10.24
498,29.09.24,Nilganj Adaptation Clinic,Nobabganj,Nilganj,Vegetable Cultivation,Using organic fertilizer for bed preparation,Adaptation Clinic,07.10.24
499,29.09.24,Nilganj Adaptation Clinic,Rosnabad,Nilganj,Mite of Bitter Gourd,Spraying abamecting as per instruction.,Mobile Adaptation clinic,3.11.24
500,29.09.24,Nilganj Adaptation Clinic,Rosnabad,Nilganj,Whitefly of Bottle Gourd,Spray Imidachlorpid group insecticide mixed at the rate of 1 ml/L water in the late aftternoon,Mobile Adaptation clinic,3.11.24
501,29.09.24,Nilganj Adaptation Clinic,Rosnabad,Nilganj,Vegetable Cultivation,Using organic fertilizer,Mobile Adaptation clinic,3.11.24
502,29.09.24,Nilganj Adaptation Clinic,Rosnabad,Nilganj,Whitefly of Bean,Spray Imidachlorpid group insecticide mixed at the rate of 1 ml/L water in the late aftternoon,Mobile Adaptation clinic,3.11.24
503,29.09.24,Nilganj Adaptation Clinic,Rosnabad,Nilganj,Whitefly of Sweet Gourd,Spray Imidachlorpid group insecticide mixed at the rate of 1 ml/L water in the late aftternoon,Mobile Adaptation clinic,3.11.24
504,29.09.24,Nilganj Adaptation Clinic,Rosnabad,Nilganj,Vegetable Cultivation,Using organic fertilizer for bed preparation,Mobile Adaptation clinic,3.11.24
505,29.09.24,Nilganj Adaptation Clinic,Rosnabad,Nilganj,Vegetable Cultivation,Using raise bed method for bed preparation,Mobile Adaptation clinic,3.11.24
506,30.09.24,Nilganj Adaptation Clinic,Kumirmara,Nilganj,Vegetable Cultivation,Using organic fertilizer for bed preparation,Adaptation Clinic,3.11.24
507,01.10.24,Nilganj Adaptation Clinic,Rosnabad,Nilganj,Cucumber Mosaic Virus,Initially use Mehogany tree bark/fruit with Detergent as per instructon. If infestation become more than spray Asitamiprid group insecticide as per instruction,Adaptation Clinic,3.11.24
508,01.10.24,Nilganj Adaptation Clinic,Rosnabad,Nilganj,Sunflower field selction,Select raise land for cultivation,Adaptation Clinic,16.10.24
509,03.10.24,Nilganj Adaptation Clinic,West sonatola,Nilganj,Sunflower field selction,Select raise land for cultivation,Adaptation Clinic,16.10.24
510,03.10.24,Nilganj Adaptation Clinic,Mostofapur,Nilganj,Gummy stem blight of bottle gourd,Spray Copper oxicloride group fungicide and affected leaf should be destroyed,Mobile Adaptation clinic,16.10.24
511,03.10.24,Nilganj Adaptation Clinic,Mostofapur,Nilganj,Gummy stem blight of bottle gourd,Spray Copper oxicloride group fungicide and affected leaf should be destroyed,Mobile Adaptation clinic,16.10.24
512,03.10.24,Nilganj Adaptation Clinic,Mostofapur,Nilganj,Gummy stem blight of bottle gourd,Spray Copper oxicloride group fungicide and affected leaf should be destroyed,Mobile Adaptation clinic,16.10.24
513,03.10.24,Nilganj Adaptation Clinic,Mostofapur,Nilganj,Anthracnose of Bottle Gourd,Spraying mancozeb group fungicide as per instruction,Mobile Adaptation clinic,16.10.24
514,03.10.24,Nilganj Adaptation Clinic,Mostofapur,Nilganj,Anthracnose of Bottle Gourd,Spraying mancozeb group fungicide as per instruction,Mobile Adaptation clinic,16.10.24
515,03.10.24,Nilganj Adaptation Clinic,Mostofapur,Nilganj,Gummy stem blight of bottle gourd,Spray Copper oxicloride group fungicide and affected leaf should be destroyed,Mobile Adaptation clinic,16.10.24
516,03.10.24,Nilganj Adaptation Clinic,Mostofapur,Nilganj,Gummy stem blight of bottle gourd,Spray Copper oxicloride group fungicide and affected leaf should be destroyed,Mobile Adaptation clinic,16.10.24
517,03.10.24,Nilganj Adaptation Clinic,Mostofapur,Nilganj,Leaf curl of YLB,"Spray Imidaclorpid
  insectiside 
 
 
   crushed Mehogany seed soakin water then
  spray in evenning
 
 
  It is advised to select high land.
 
 
  It is advised to select high land.
 
 
  Spray Copper
  oxicloride group fungicide and affected leaf should be destroyed
 
 
  It is advised to select high land.
 
 
  Spray Imidaclorpid insectiside 
 
 
  Spray Imidaclorpid insectiside",Mobile Adaptation clinic,16.10.24
518,03.10.24,Nilganj Adaptation Clinic,Mostofapur,Nilganj,Fungus in Cucurbit,crushed Mehogany seed soakin water then spray in evenning,Mobile Adaptation clinic,16.10.24
519,03.10.24,Nilganj Adaptation Clinic,Mostofapur,Nilganj,Land selection for Sunflower,It is advised to select high land.,Mobile Adaptation clinic,16.10.24
520,03.10.24,Nilganj Adaptation Clinic,Mostofapur,Nilganj,Land selection for Sunflower,It is advised to select high land.,Mobile Adaptation clinic,16.10.24
521,03.10.24,Nilganj Adaptation Clinic,Mostofapur,Nilganj,Gummy stem blight of bottle gourd,Spray Copper oxicloride group fungicide and affected leaf should be destroyed,Mobile Adaptation clinic,16.10.24
522,03.10.24,Nilganj Adaptation Clinic,Mostofapur,Nilganj,Land selection for Sunflower,It is advised to select high land.,Mobile Adaptation clinic,16.10.24
523,03.10.24,Nilganj Adaptation Clinic,Mostofapur,Nilganj,Leaf curl of YLB,Spray Imidaclorpid insectiside,Mobile Adaptation clinic,16.10.24
524,03.10.24,Nilganj Adaptation Clinic,Mostofapur,Nilganj,Leaf curl of YLB,Spray Imidaclorpid insectiside,Mobile Adaptation clinic,16.10.24
525,06.10.24,Nilganj Adaptation Clinic,Rosnabad,Nilganj,Sunflower land selection,It is suggested to select high land.,Adaptation Clinic,15.10.24
526,06.10.24,Nilganj Adaptation Clinic,Rosnabad,Nilganj,Sunflower land selection,It is suggested to select high land.,Adaptation Clinic,15.10.24
527,7.10.24,Nilganj Adaptation Clinic,U. Doulatpur,Nilganj,Sunflower land selection,It is suggested to select high land.,Adaptation Clinic,17.10.24
528,7.10.24,Nilganj Adaptation Clinic,Haldibariya,Nilganj,Use of seedling tray,It is recommended to use seedling tray.,Adaptation Clinic,16.10.24
529,7.10.24,Nilganj Adaptation Clinic,D. Doulatpur,Nilganj,Care of Vermicompost,Produced compost should be collect and provide cowdung to the plant.,Adaptation Clinic,17.10.24
530,08.10.24,Nilganj Adaptation Clinic,Pakhimara,Nilganj,Anthracnose of bitter gourd,Spray Carbendazim fungicide,Mobile Adaptation clinic,20.10.24
531,08.10.24,Nilganj Adaptation Clinic,Pakhimara,Nilganj,Gummy Stem blight of Sweet Gourd,Spray Copper oxicloride group fungicide and affected leaf should be destroyed,Mobile Adaptation clinic,20.10.24
532,08.10.24,Nilganj Adaptation Clinic,Pakhimara,Nilganj,Gummy Stem blight of Sweet Gourd,Spray Copper oxicloride group fungicide and affected leaf should be destroyed,Mobile Adaptation clinic,20.10.24
533,08.10.24,Nilganj Adaptation Clinic,Pakhimara,Nilganj,Bittle attrac in Potato Leaf,Spray neem leaf juice with detergent at leaf,Mobile Adaptation clinic,20.10.24
534,08.10.24,Nilganj Adaptation Clinic,Pakhimara,Nilganj,Mosaic virus in pumpkin,Spray Mancozeb fungicide,Mobile Adaptation clinic,20.10.24
535,08.10.24,Nilganj Adaptation Clinic,Pakhimara,Nilganj,Mosaic virus in pumpkin,Spray Mancozeb fungicide,Mobile Adaptation clinic,20.10.24
536,08.10.24,Nilganj Adaptation Clinic,Pakhimara,Nilganj,Anthracnose of bitter gourd,Spray Carbendazim fungicide,Mobile Adaptation clinic,20.10.24
537,08.10.24,Nilganj Adaptation Clinic,Pakhimara,Nilganj,Anthracnose of bitter gourd,Spray Carbendazim fungicide,Mobile Adaptation clinic,20.10.24
538,08.10.24,Nilganj Adaptation Clinic,Pakhimara,Nilganj,Anthracnose of bitter gourd,Spray Carbendazim fungicide,Mobile Adaptation clinic,20.10.24
539,08.10.24,Nilganj Adaptation Clinic,Pakhimara,Nilganj,Anthracnose of bitter gourd,Spray Carbendazim fungicide,Mobile Adaptation clinic,20.10.24
540,08.10.24,Nilganj Adaptation Clinic,Pakhimara,Nilganj,Anthracnose of bitter gourd,Spray Carbendazim fungicide,Mobile Adaptation clinic,20.10.24
541,9.10.24,Nilganj Adaptation Clinic,Naovanga,Nilganj,Leaf spot in Chilli leaf,Recommended to apply mancozeb fungicide.,Adaptation clinic,17.10.24
542,14.10.24,Nilganj Adaptation Clinic,Jalalpur,Nilganj,Land Preparation,Recommended to use bio fertilizer in land preparation.,Adaptation clinic,20.10.24
543,14.10.24,Nilganj Adaptation Clinic,Amirabad,Nilganj,Land Preparation,Recommended to use bio fertilizer in land preparation.,Adaptation clinic,21.10.24
544,15.10.24,Nilganj Adaptation Clinic,Rosnabad,Nilganj,Land Preparation,Recommended to use bio fertilizer in land preparation.,Adaptation clinic,23.10.24
545,16.10.24,Nilganj Adaptation Clinic,Khalilpur,Nilganj,Land Preparation,Recommended to use bio fertilizer in land preparation.,Adaptation clinic,23.10.24
546,16.10.24,Nilganj Adaptation Clinic,Mostofapur,Nilganj,Sheath Blight of Rice,Apply potash fertilizer @5kg/bigha,Mobile Adaptation clinic,17.11.24
547,16.10.24,Nilganj Adaptation Clinic,Mostofapur,Nilganj,Sheath Blight of Rice,Apply potash fertilizer @5kg/bigha,Mobile Adaptation clinic,17.11.24
548,16.10.24,Nilganj Adaptation Clinic,Mostofapur,Nilganj,Sheath Blight of Rice,Apply potash fertilizer @5kg/bigha,Mobile Adaptation clinic,17.11.24
549,16.10.24,Nilganj Adaptation Clinic,Mostofapur,Nilganj,Sheath Blight of Rice,Apply potash fertilizer @5kg/bigha,Mobile Adaptation clinic,17.11.24
550,16.10.24,Nilganj Adaptation Clinic,Mostofapur,Nilganj,Leaf curl of Chilli,Apply Imidaclorpid insecticide,Mobile Adaptation clinic,17.11.24
551,16.10.24,Nilganj Adaptation Clinic,Mostofapur,Nilganj,Leaf curl of Chilli,Apply Imidaclorpid insecticide,Mobile Adaptation clinic,17.11.24
552,16.10.24,Nilganj Adaptation Clinic,Mostofapur,Nilganj,Sheath Blight of Rice,Apply potash fertilizer @5kg/bigha,Mobile Adaptation clinic,17.11.24
553,16.10.24,Nilganj Adaptation Clinic,Mostofapur,Nilganj,Sheath Blight of Rice,Apply potash fertilizer @5kg/bigha,Mobile Adaptation clinic,17.11.24
554,17.10.24,Nilganj Adaptation Clinic,Pakhimara,Nilganj,Land Preparation,Recommended to use bio fertilizer in land preparation.,Adaptation clinic,23.10.24
555,20.10.24,Nilganj Adaptation Clinic,Amirabad,Nilganj,Stem Rot of Rice,Suggested to spray propiconazol,Adaptation clinic,25.10.24
556,20.10.24,Nilganj Adaptation Clinic,Pakhimara,Nilganj,Yellow stem borer of Rice,Advised to use light trap and pursing,Mobile Adaptation clinic,24.11.24
557,20.10.24,Nilganj Adaptation Clinic,Pakhimara,Nilganj,Yellow stem borer of Rice,Advised to use light trap and pursing,Mobile Adaptation clinic,24.11.24
558,20.10.24,Nilganj Adaptation Clinic,Pakhimara,Nilganj,Yellow stem borer of Rice,Advised to use light trap and pursing,Mobile Adaptation clinic,24.11.24
559,20.10.24,Nilganj Adaptation Clinic,Pakhimara,Nilganj,Sheath Blight of Rice,Apply potash fertilizer @5kg/bigha,Mobile Adaptation clinic,24.11.24
560,20.10.24,Nilganj Adaptation Clinic,Pakhimara,Nilganj,Sheath Blight of Rice,Apply potash fertilizer @5kg/bigha,Mobile Adaptation clinic,24.11.24
561,20.10.24,Nilganj Adaptation Clinic,Pakhimara,Nilganj,Sheath Blight of Rice,Apply potash fertilizer @5kg/bigha,Mobile Adaptation clinic,24.11.24
562,20.10.24,Nilganj Adaptation Clinic,Pakhimara,Nilganj,Sheath Blight of Rice,Apply potash fertilizer @5kg/bigha,Mobile Adaptation clinic,24.11.24
563,20.10.24,Nilganj Adaptation Clinic,Pakhimara,Nilganj,Sheath Blight of Rice,Apply potash fertilizer @5kg/bigha,Mobile Adaptation clinic,24.11.24
564,20.10.24,Nilganj Adaptation Clinic,Pakhimara,Nilganj,Care of vegetables,Advise to use organic fertilizer at the time of bed preparation,Mobile Adaptation clinic,24.11.24
565,20.10.24,Nilganj Adaptation Clinic,Pakhimara,Nilganj,Care of vegetables,Advise to use organic fertilizer at the time of bed preparation,Mobile Adaptation clinic,24.11.24
566,23.10.24,Nilganj Adaptation Clinic,D Doulatpur,Nilganj,Sheath Blight of Rice,Apply potash fertilizer @5kg/bigha anided in severe stage apply copper oxyclo,Mobile Adaptation clinic,6.11.24
567,23.10.24,Nilganj Adaptation Clinic,D Doulatpur,Nilganj,Sheath Blight of Rice,Apply potash fertilizer @5kg/bigha anided in severe stage apply copper oxyclo,Mobile Adaptation clinic,6.11.24
568,23.10.24,Nilganj Adaptation Clinic,D Doulatpur,Nilganj,Sheath Blight of Rice,Apply potash fertilizer @5kg/bigha anided in severe stage apply copper oxyclo,Mobile Adaptation clinic,6.11.24
569,23.10.24,Nilganj Adaptation Clinic,D Doulatpur,Nilganj,Sheath Blight of Rice,Apply potash fertilizer @5kg/bigha anided in severe stage apply copper oxyclo,Mobile Adaptation clinic,6.11.24
570,23.10.24,Nilganj Adaptation Clinic,D Doulatpur,Nilganj,Sheath Blight of Rice,Apply potash fertilizer @5kg/bigha anided in severe stage apply copper oxyclo,Mobile Adaptation clinic,6.11.24
571,23.10.24,Nilganj Adaptation Clinic,D Doulatpur,Nilganj,Sheath Blight of Rice,Apply potash fertilizer @5kg/bigha anided in severe stage apply copper oxyclo,Mobile Adaptation clinic,6.11.24
572,23.10.24,Nilganj Adaptation Clinic,D Doulatpur,Nilganj,Sheath Blight of Rice,Apply potash fertilizer @5kg/bigha anided in severe stage apply copper oxyclo,Mobile Adaptation clinic,6.11.24
573,23.10.24,Nilganj Adaptation Clinic,D Doulatpur,Nilganj,Sheath Blight of Rice,Apply potash fertilizer @5kg/bigha anided in severe stage apply copper oxyclo,Mobile Adaptation clinic,6.11.24
574,23.10.24,Nilganj Adaptation Clinic,D Doulatpur,Nilganj,Leaf curl of Chilli,Use Yellow sticky trap,Mobile Adaptation clinic,6.11.24
575,23.10.24,Nilganj Adaptation Clinic,D Doulatpur,Nilganj,Leaf curl of Chilli,Use Yellow sticky trap,Mobile Adaptation clinic,6.11.24
576,23.10.24,Nilganj Adaptation Clinic,D Doulatpur,Nilganj,Leaf curl of Chilli,Use Yellow sticky trap,Mobile Adaptation clinic,6.11.24
577,23.10.24,Nilganj Adaptation Clinic,D Doulatpur,Nilganj,Fruit rot of bottle gourd,Advise to apply zypsum .,Mobile Adaptation clinic,6.11.24
578,23.10.24,Nilganj Adaptation Clinic,D Doulatpur,Nilganj,Fruit rot of bottle gourd,Advise to apply zypsum .,Mobile Adaptation clinic,6.11.24
579,23.10.24,Nilganj Adaptation Clinic,D Doulatpur,Nilganj,Fruit rot of bottle gourd,Advise to apply zypsum .,Mobile Adaptation clinic,6.11.24
580,23.10.24,Nilganj Adaptation Clinic,D Doulatpur,Nilganj,Fruit rot of bottle gourd,Advise to apply zypsum .,Mobile Adaptation clinic,6.11.24
581,23.10.24,Nilganj Adaptation Clinic,D Doulatpur,Nilganj,Sheath Blight of Rice,Apply potash fertilizer @5kg/bigha anided in severe stage apply copper oxyclo,Mobile Adaptation clinic,6.11.24
582,23.10.24,Nilganj Adaptation Clinic,D Doulatpur,Nilganj,Sheath Blight of Rice,Apply potash fertilizer @5kg/bigha anided in severe stage apply copper oxyclo,Mobile Adaptation clinic,6.11.24
583,23.10.24,Nilganj Adaptation Clinic,D Doulatpur,Nilganj,Sheath Blight of Rice,Apply potash fertilizer @5kg/bigha anided in severe stage apply copper oxyclo,Mobile Adaptation clinic,6.11.24
584,23.10.24,Nilganj Adaptation Clinic,D Doulatpur,Nilganj,Sheath Blight of Rice,Apply potash fertilizer @5kg/bigha anided in severe stage apply copper oxyclo,Mobile Adaptation clinic,6.11.24
585,23.10.24,Nilganj Adaptation Clinic,D Doulatpur,Nilganj,Milibug of Papaya,Spray soap water in whole plant.,Mobile Adaptation clinic,6.11.24
586,23.10.24,Nilganj Adaptation Clinic,D Doulatpur,Nilganj,Milibug of Papaya,Spray soap water in whole plant.,Mobile Adaptation clinic,6.11.24
587,23.10.24,Nilganj Adaptation Clinic,D Doulatpur,Nilganj,Milibug of Papaya,Spray soap water in whole plant.,Mobile Adaptation clinic,6.11.24
588,29.10.14,Nilganj Adaptation Clinic,Islampur,Nilganj,Aphid in Bean plant,Recommened to apply ash and neem leaf juice with detergent.,Mobile Adaptation clinic,14.11.24
589,29.10.14,Nilganj Adaptation Clinic,Islampur,Nilganj,Aphid in Bean plant,Recommened to apply ash and neem leaf juice with detergent.,Mobile Adaptation clinic,14.11.24
590,29.10.14,Nilganj Adaptation Clinic,Islampur,Nilganj,Aphid in Bean plant,Recommened to apply ash and neem leaf juice with detergent.,Mobile Adaptation clinic,14.11.24
591,29.10.14,Nilganj Adaptation Clinic,Islampur,Nilganj,Brown plant hopper of Aman rice,Excessive water should be drain out from land and in severe case apply Pymetrozin.,Mobile Adaptation clinic,14.11.24
592,29.10.14,Nilganj Adaptation Clinic,Islampur,Nilganj,Brown plant hopper of Aman rice,Excessive water should be drain out from land and in severe case apply Pymetrozin.,Mobile Adaptation clinic,14.11.24
593,29.10.14,Nilganj Adaptation Clinic,Islampur,Nilganj,Mango leaf hopper,Spray Imidaclorpid (0.3%) at early stage.,Mobile Adaptation clinic,14.11.24
594,29.10.14,Nilganj Adaptation Clinic,Islampur,Nilganj,Mango leaf hopper,Spray Imidaclorpid (0.3%) at early stage.,Mobile Adaptation clinic,14.11.24
595,29.10.14,Nilganj Adaptation Clinic,Islampur,Nilganj,-,Information was given about organic pesticide.,Mobile Adaptation clinic,14.11.24
596,29.10.14,Nilganj Adaptation Clinic,Islampur,Nilganj,-,Information was given about organic pesticide.,Mobile Adaptation clinic,14.11.24
597,29.10.14,Nilganj Adaptation Clinic,Islampur,Nilganj,-,Information was given about organic pesticide.,Mobile Adaptation clinic,14.11.24
598,4.11.24,Nilganj Adaptation Clinic,Rosnabad,Nilganj,-,Advised on climate adaptive agriculture,Adaptation clinic,22.11.24
599,4.11.24,Nilganj Adaptation Clinic,Goiatola,Nilganj,Fruit fly in pumpkin plan,Advised on use of pheromon trap and yellow sticky trap.,Adaptation clinic,22.11.24
600,7.11.24,Nilganj Adaptation Clinic,Mokimpur,Nilganj,-,Advised on Sunflower cultivation,Adaptation clinic,21.11.24
601,7.11.24,Nilganj Adaptation Clinic,Mokimpur,Nilganj,-,Advised on Sunflower cultivation,Adaptation clinic,21.11.24
602,10.11.24,Nilganj Adaptation Clinic,Goiatola,Nilganj,Care of Bottle gourd Plant,It is recommended to loosen the soil at the base of bottle gourd plant and apply organic fertilizers.,Adaptation clinic,15.11.24
603,10.11.24,Nilganj Adaptation Clinic,Sadarpur,Nilganj,Aphid in Bean plant,Recommened to apply ash and neem leaf juice with detergent.,Mobile Adaptation clinic,25.11.24
604,10.11.24,Nilganj Adaptation Clinic,Sadarpur,Nilganj,Aphid in Bean plant,Recommened to apply ash and neem leaf juice with detergent.,Mobile Adaptation clinic,25.11.24
605,10.11.24,Nilganj Adaptation Clinic,Sadarpur,Nilganj,Aphid in Bean plant,Recommened to apply ash and neem leaf juice with detergent.,Mobile Adaptation clinic,25.11.24
606,10.11.24,Nilganj Adaptation Clinic,Sadarpur,Nilganj,Aphid in Bean plant,Recommened to apply ash and neem leaf juice with detergent.,Mobile Adaptation clinic,25.11.24
607,10.11.24,Nilganj Adaptation Clinic,Sadarpur,Nilganj,Aphid in Bean plant,Recommened to apply ash and neem leaf juice with detergent.,Mobile Adaptation clinic,25.11.24
608,10.11.24,Nilganj Adaptation Clinic,Sadarpur,Nilganj,Brown plant hopper of Aman rice,Excessive water should be drain out from land and in severe case apply Pymetrozin.,Mobile Adaptation clinic,25.11.24
609,10.11.24,Nilganj Adaptation Clinic,Sadarpur,Nilganj,Brown plant hopper of Aman rice,Excessive water should be drain out from land and in severe case apply Pymetrozin.,Mobile Adaptation clinic,25.11.24
610,10.11.24,Nilganj Adaptation Clinic,Sadarpur,Nilganj,Brown plant hopper of Aman rice,Excessive water should be drain out from land and in severe case apply Pymetrozin.,Mobile Adaptation clinic,25.11.24
611,10.11.24,Nilganj Adaptation Clinic,Sadarpur,Nilganj,Brown plant hopper of Aman rice,Excessive water should be drain out from land and in severe case apply Pymetrozin.,Mobile Adaptation clinic,25.11.24
612,10.11.24,Nilganj Adaptation Clinic,Sadarpur,Nilganj,Fruit damage of bottle gourd,Recommened to apply gypsum fertilizer.,Mobile Adaptation clinic,25.11.24
613,13.11.24,Nilganj Adaptation Clinic,Mostofapur,Nilganj,-,It is advised to cut the paddy quickly when it is ripe.,Mobile Adaptation clinic,2.12.24
614,13.11.24,Nilganj Adaptation Clinic,Mostofapur,Nilganj,Leaf Curl of chilli,Recommended to use yellow sticky trap and spray neem leaf juice along with detergent,Mobile Adaptation clinic,2.12.24
615,13.11.24,Nilganj Adaptation Clinic,Mostofapur,Nilganj,-,It is advised to cut the paddy quickly when it is ripe.,Mobile Adaptation clinic,2.12.24
616,13.11.24,Nilganj Adaptation Clinic,Mostofapur,Nilganj,Fruit fly in sponge gourd,Advised to use Pheromon trap,Mobile Adaptation clinic,2.12.24
617,13.11.24,Nilganj Adaptation Clinic,Mostofapur,Nilganj,Aphid in Bean plant,Recommended to apply ash and neem leaf juice with detergent.,Mobile Adaptation clinic,2.12.24
618,13.11.24,Nilganj Adaptation Clinic,Mostofapur,Nilganj,Aphid in Bean plant,Recommended to apply ash and neem leaf juice with detergent.,Mobile Adaptation clinic,2.12.24
619,13.11.24,Nilganj Adaptation Clinic,Mostofapur,Nilganj,-,It is advised to cut the paddy quickly when it is ripe.,Mobile Adaptation clinic,2.12.24
620,13.11.24,Nilganj Adaptation Clinic,Mostofapur,Nilganj,-,It is advised to cut the paddy quickly when it is ripe.,Mobile Adaptation clinic,2.12.24
621,13.11.24,Nilganj Adaptation Clinic,Goiatola,Nilganj,Land Preparation for potato,The soil should be treated be sowing.,Adaptation clinic,24.11.14
622,17.11.24,Nilganj Adaptation Clinic,Amirabad,Nilganj,Care of Bottle gourd Plant,It is recommended to loosen the soil at the base of bottle gourd plant and apply organic fertilizers.,Adaptation clinic,24.11.24
623,19.11.24,Nilganj Adaptation Clinic,D. Doulatpur,Nilganj,Care of Vermicompost,Produced compost should be collect and provide cowdung to the plant.,Adaptation clinic,24.11.24
624,24.11.24,Nilganj Adaptation Clinic,U. Doulatpur,Nilganj,Land Preparation,For Sunflower land should be 4-5 plough to loosen the soil.,Adaptation clinic,27.11.24
625,24.11.24,Nilganj Adaptation Clinic,Islampur,Nilganj,Fruit fly in bottle gourd,Suggested to use pheromon trap.,Mobile Adaptation Clinic,09.12.24
626,24.11.24,Nilganj Adaptation Clinic,Islampur,Nilganj,Fruit fly in bottle gourd,Suggested to use pheromon trap.,Mobile Adaptation Clinic,09.12.24
627,24.11.24,Nilganj Adaptation Clinic,Islampur,Nilganj,Leaf Curl of tomato,Suggested to use yellow sticky trap and spray neem leaf juice with ditergent.In severe case spray Imidaclorpid,Mobile Adaptation Clinic,09.12.24
628,24.11.24,Nilganj Adaptation Clinic,Islampur,Nilganj,Leaf Curl of tomato,Suggested to use yellow sticky trap and spray neem leaf juice with ditergent.In severe case spray Imidaclorpid,Mobile Adaptation Clinic,09.12.24
629,24.11.24,Nilganj Adaptation Clinic,Islampur,Nilganj,-,Irrigation should be done in Amar Bon plant.,Mobile Adaptation Clinic,09.12.24
630,24.11.24,Nilganj Adaptation Clinic,Islampur,Nilganj,-,Irrigation should be done in Amar Bon plant.,Mobile Adaptation Clinic,09.12.24
631,24.11.24,Nilganj Adaptation Clinic,Islampur,Nilganj,Flower fall of vegetable,Spray boron fertilizer at recommended doze.,Mobile Adaptation Clinic,09.12.24
632,24.11.24,Nilganj Adaptation Clinic,Islampur,Nilganj,Flower fall of vegetable,Spray boron fertilizer at recommended doze.,Mobile Adaptation Clinic,09.12.24
633,24.11.24,Nilganj Adaptation Clinic,Islampur,Nilganj,Leaf Curl of chili,Suggested to use yellow sticky trap and in severe case spray Imidaclorpid,Mobile Adaptation Clinic,09.12.24
634,24.11.24,Nilganj Adaptation Clinic,Islampur,Nilganj,Leaf Curl of chili,Suggested to use yellow sticky trap and in severe case spray Imidaclorpid,Mobile Adaptation Clinic,09.12.24
635,24.11.24,Nilganj Adaptation Clinic,Islampur,Nilganj,-,Collect Aman rice from field and plough the land as soon as possible.,Mobile Adaptation Clinic,09.12.24
636,24.11.24,Nilganj Adaptation Clinic,Islampur,Nilganj,-,Collect Aman rice from field and plough the land as soon as possible.,Mobile Adaptation Clinic,09.12.24
637,24.11.24,Nilganj Adaptation Clinic,Islampur,Nilganj,-,Collect Aman rice from field and plough the land as soon as possible.,Mobile Adaptation Clinic,09.12.24
638,1.12.24,Nilganj Adaptation Clinic,Amirabad,Nilganj,Land Preparation,For Sunflower land should be 4-5 plough to loosen the soil.,Adaptation clinic,7.12.24
639,1.12.24,Nilganj Adaptation Clinic,Nijkata,Nilganj,-,Sunflower seed should be dry in sun and after cooling soak in water.,Adaptation clinic,7.12.24
640,2.12.24,Nilganj Adaptation Clinic,Amirabad,Nilganj,Care of chili plant,Use of yellow sticky trap in chili field,Adaptation clinic,8.12.24
641,03.12.24,Nilganj Adaptation Clinic,Amirabad,Nilganj,Care of brinjal plant,Use of Bio fertilizer and yellow sticky trap,Adaptation clinic,8.12.24
642,03.12.24,Nilganj Adaptation Clinic,Amirabad,Nilganj,Care of Fish,"By measuring the pH of the water, it is suggested to give necessary nutrient to the water for fish.",Adaptation clinic,8.12.24
643,03.12.24,Nilganj Adaptation Clinic,Kumirmara,Nilganj,Fruit fly in bottle gourd,Advised on use pheromon trap,Mobile Adaptation Clinic,18.12.24
644,03.12.24,Nilganj Adaptation Clinic,Kumirmara,Nilganj,Leaf Curl of chili,Suggested to use yellow sticky trap and in severe case spray Imidaclorpid,Mobile Adaptation Clinic,18.12.24
645,03.12.24,Nilganj Adaptation Clinic,Kumirmara,Nilganj,White fly in brinjal,Spray soap water or neem seed soaked water.,Mobile Adaptation Clinic,18.12.24
646,03.12.24,Nilganj Adaptation Clinic,Kumirmara,Nilganj,Leaf roll of Brinjal,Land should be clean and in severe case spray carbaril in the afternoon,Mobile Adaptation Clinic,18.12.24
647,03.12.24,Nilganj Adaptation Clinic,Kumirmara,Nilganj,Leaf Curl of tomato,Suggested to use yellow sticky trap and spray neem leaf juice with ditergent.In severe case spray Imidaclorpid,Mobile Adaptation Clinic,18.12.24
648,03.12.24,Nilganj Adaptation Clinic,Kumirmara,Nilganj,Leaf Curl of chili,Suggested to use yellow sticky trap and in severe case spray Imidaclorpid,Mobile Adaptation Clinic,18.12.24
649,03.12.24,Nilganj Adaptation Clinic,Kumirmara,Nilganj,Leaf Curl of chili,Suggested to use yellow sticky trap and in severe case spray Imidaclorpid,Mobile Adaptation Clinic,18.12.24
650,03.12.24,Nilganj Adaptation Clinic,Kumirmara,Nilganj,Wilt of bringal,Affected plant should be destroy and spray copper oxycloride + carbendazim fungicide.,Mobile Adaptation Clinic,18.12.24
651,03.12.24,Nilganj Adaptation Clinic,Kumirmara,Nilganj,Fruit fly in bottle gourd,Advised on use pheromon trap,Mobile Adaptation Clinic,18.12.24
652,03.12.24,Nilganj Adaptation Clinic,Kumirmara,Nilganj,Aphid in bean,Suggested to use yellow sticky trap and in severe case spray Imidaclorpid,Mobile Adaptation Clinic,18.12.24
653,03.12.24,Nilganj Adaptation Clinic,Kumirmara,Nilganj,Aphid in YLB,Suggested to use yellow sticky trap and in severe case spray Imidaclorpid,Mobile Adaptation Clinic,18.12.24
654,08.12.24,Nilganj Adaptation Clinic,Amirabad,Nilganj,-,Use yellow sticky trap for fruit fly,Adaptation clinic,15.12.24
655,08.12.24,Nilganj Adaptation Clinic,Nilganj,Nilganj,-,Use yellow sticky trap for fruit fly,Adaptation clinic,15.12.24
656,08.12.24,Nilganj Adaptation Clinic,Nijkata,Nilganj,Sunflower Cultivation,Collect Aman rice from field and plough the land as soon as possible.,Adaptation clinic,15.12.24
657,08.12.24,Nilganj Adaptation Clinic,Purbo Mostofapur,Nilganj,Sunflower Cultivation,Collect Aman rice from field and plough the land as soon as possible.,Adaptation clinic,15.12.24
658,08.12.24,Nilganj Adaptation Clinic,Hajipur,Nilganj,Downey Mildew of bottle gourd,Spray Mancozeb + Carbendazim in severe case.,Mobile Adaptation Clinic,26.12.24
659,08.12.24,Nilganj Adaptation Clinic,Hajipur,Nilganj,Aphid in bean,Suggested to use yellow sticky trap and in severe case spray Imidaclorpid,Mobile Adaptation Clinic,26.12.24
660,08.12.24,Nilganj Adaptation Clinic,Hajipur,Nilganj,Aphid in bean,Suggested to use yellow sticky trap and in severe case spray Imidaclorpid,Mobile Adaptation Clinic,26.12.24
661,08.12.24,Nilganj Adaptation Clinic,Sayedpur,Nilganj,-,Advised on climate adaptive homestead agriculture,Mobile Adaptation Clinic,26.12.24
662,08.12.24,Nilganj Adaptation Clinic,Sayedpur,Nilganj,-,Advised on climate adaptive homestead agriculture,Mobile Adaptation Clinic,26.12.24
663,08.12.24,Nilganj Adaptation Clinic,Hajipur,Nilganj,Yellowish leaf of bottle gourd,Regular irrigation needed and apply urea fertilizer.,Mobile Adaptation Clinic,26.12.24
664,08.12.24,Nilganj Adaptation Clinic,Sayedpur,Nilganj,Sunflower cultivation,Row to row and plant toplant distance 30 inch and 18 inch accordingly.,Mobile Adaptation Clinic,26.12.24
665,08.12.24,Nilganj Adaptation Clinic,Hajipur,Nilganj,Sunflower cultivation,Row to row and plant toplant distance 30 inch and 18 inch accordingly.,Mobile Adaptation Clinic,26.12.24
666,08.12.24,Nilganj Adaptation Clinic,Sayedpur,Nilganj,Land preparation,Apply Tricodarma 3kg/bigha for sunflower and maize land preparaton.,Mobile Adaptation Clinic,26.12.24
667,08.12.24,Nilganj Adaptation Clinic,Sayedpur,Nilganj,Land preparation,Apply Tricodarma 3kg/bigha for sunflower and maize land preparaton.,Mobile Adaptation Clinic,26.12.24
668,08.12.24,Nilganj Adaptation Clinic,Hajipur,Nilganj,-,Advised on climate adaptive homestead agriculture,Mobile Adaptation Clinic,26.12.24
669,08.12.24,Nilganj Adaptation Clinic,Hajipur,Nilganj,-,Advised on climate adaptive homestead agriculture,Mobile Adaptation Clinic,26.12.24
670,08.12.24,Nilganj Adaptation Clinic,Hajipur,Nilganj,Land Preparation,For Sunflower land should be 4-5 plough to loosen the soil and use tricodarma 3kg/bigha at land preparation time.,Mobile Adaptation Clinic,26.12.24
671,08.12.24,Nilganj Adaptation Clinic,Hajipur,Nilganj,Land Preparation,For Sunflower land should be 4-5 plough to loosen the soil and use tricodarma 3kg/bigha at land preparation time.,Mobile Adaptation Clinic,26.12.24
672,11.12.24,Nilganj Adaptation Clinic,Purbo Mostofapur,Nilganj,Wilt of bringal,Affected plant should be destroy and spray copper oxycloride + carbendazim fungicide.,Adaptation clinic,20.12.24
673,12.12.24,Nilganj Adaptation Clinic,Amirabad,Nilganj,Leaf Curl of Bottle gourd,Spray Imidaclorpid insecticide.,Adaptation clinic,20.12.24
674,16.12.24,Nilganj Adaptation Clinic,Neyamotpur,Nilganj,Land Preparation,For Sunflower land should be 4-5 plough to loosen the soil and use tricodarma 3kg/bigha at land preparation time.,Adaptation clinic,20.12.24
675,17.12.24,Nilganj Adaptation Clinic,Neyamotpur,Nilganj,Insect Attack on Brinjal,Use Yellow sticky trap,Adaptation clinic,24.12.24
676,17.12.24,Nilganj Adaptation Clinic,Neyamotour,Nilganj,Land Preparation,For Sunflower land should be 4-5 plough to loosen the soil and use tricodarma 3kg/bigha at land preparation time.,Mobile Adaptation Clinic,02.1.24
677,17.12.24,Nilganj Adaptation Clinic,Islampur,Nilganj,Land Preparation,For Sunflower land should be 4-5 plough to loosen the soil and use tricodarma 3kg/bigha at land preparation time.,Mobile Adaptation Clinic,02.1.24
678,17.12.24,Nilganj Adaptation Clinic,Neyamotour,Nilganj,Fruit fly in bottle gourd,Advised on use pheromon trap,Mobile Adaptation Clinic,02.1.24
679,17.12.24,Nilganj Adaptation Clinic,Neyamotour,Nilganj,Leaf Curl of chili,Suggested to Spray soap water or neem seed soaked water and in severe case spray Imidaclorpid,Mobile Adaptation Clinic,02.1.24
680,17.12.24,Nilganj Adaptation Clinic,Neyamotour,Nilganj,Leaf Curl of chili,Suggested to Spray soap water or neem seed soaked water and in severe case spray Imidaclorpid,Mobile Adaptation Clinic,02.1.24
681,17.12.24,Nilganj Adaptation Clinic,Neyamotour,Nilganj,Sunflower cultivation,Row to row and plant toplant distance 30 inch and 18 inch accordingly.,Mobile Adaptation Clinic,02.1.24
682,17.12.24,Nilganj Adaptation Clinic,Neyamotour,Nilganj,Sunflower cultivation,Row to row and plant toplant distance 30 inch and 18 inch accordingly.,Mobile Adaptation Clinic,02.1.24
683,17.12.24,Nilganj Adaptation Clinic,Neyamotour,Nilganj,Leaf Curl of tomato,Suggested to use yellow sticky trap and spray neem leaf juice with ditergent.In severe case spray Imidaclorpid,Mobile Adaptation Clinic,02.1.24
684,17.12.24,Nilganj Adaptation Clinic,Neyamotour,Nilganj,Leaf Curl of tomato,Suggested to use yellow sticky trap and spray neem leaf juice with ditergent.In severe case spray Imidaclorpid,Mobile Adaptation Clinic,02.1.24
685,17.12.24,Nilganj Adaptation Clinic,Neyamotour,Nilganj,Sunflower cultivation,Sunflower seed should be dry in sun and after cooling soak in water.,Mobile Adaptation Clinic,02.1.24
686,17.12.24,Nilganj Adaptation Clinic,Neyamotour,Nilganj,Sunflower cultivation,Sunflower seed should be dry in sun and after cooling soak in water.,Mobile Adaptation Clinic,02.1.24
687,17.12.24,Nilganj Adaptation Clinic,Neyamotpur,Nilganj,Brown spot on Chilli leaf,Suggested to Spray Copper Oxicloride,Adaptation clinic,24.12.24
688,18.12.24,Nilganj Adaptation Clinic,Islampur,Nilganj,Mosaic on Bottle Gourd,Suggested to Spray Imidacloprid,Adaptation clinic,30.12.24
689,22.12.24,Nilganj Adaptation Clinic,Amirabad,Nilganj,Potato Cultivation,Suggested to use natural mulching and provide proper irrigation.,Mobile Adaptation Clinic,07.1.24
690,22.12.24,Nilganj Adaptation Clinic,Amirabad,Nilganj,Potato Cultivation,Spray Ridomix gold 5g/L,Mobile Adaptation Clinic,07.1.24
691,22.12.24,Nilganj Adaptation Clinic,Amirabad,Nilganj,Downey Mildew of bottle gourd,Spray Mancozeb + Carbendazim in severe case.,Mobile Adaptation Clinic,07.1.24
692,22.12.24,Nilganj Adaptation Clinic,Amirabad,Nilganj,Leaf Curl of chili,Suggested to Spray soap water or neem seed soaked water and in severe case spray Imidaclorpid,Mobile Adaptation Clinic,07.1.24
693,22.12.24,Nilganj Adaptation Clinic,Amirabad,Nilganj,Leaf curl of cucumber,Suggested to Spray soap water or neem seed soaked water and in severe case spray Imidaclorpid,Mobile Adaptation Clinic,07.1.24
694,22.12.24,Nilganj Adaptation Clinic,Amirabad,Nilganj,Leaf curl of cucumber,Suggested to Spray soap water or neem seed soaked water and in severe case spray Imidaclorpid,Mobile Adaptation Clinic,07.1.24
695,22.12.24,Nilganj Adaptation Clinic,Amirabad,Nilganj,Land Preparation,For Sunflower land should be 4-5 plough to loosen the soil and use tricodarma 3kg/bigha at land preparation time.,Mobile Adaptation Clinic,07.1.24
696,22.12.24,Nilganj Adaptation Clinic,Amirabad,Nilganj,Land Preparation,For Sunflower land should be 4-5 plough to loosen the soil and use tricodarma 3kg/bigha at land preparation time.,Mobile Adaptation Clinic,07.1.24
697,22.12.24,Nilganj Adaptation Clinic,Amirabad,Nilganj,Land Preparation,For Sunflower land should be 4-5 plough to loosen the soil and use tricodarma 3kg/bigha at land preparation time.,Mobile Adaptation Clinic,07.1.24
698,22.12.24,Nilganj Adaptation Clinic,Ghutabacha,Nilganj,Scab on Bottle Gourd,Suggested crop rotation,Adaptation clinic,30.12.24
699,24.12.24,Nilganj Adaptation Clinic,Ghutabacha,Nilganj,Wilting of Brinjal,Suggested to apply Copper oxychoride+Carbendazim,Adaptation clinic,30.12.24
700,26.12.24,Nilganj Adaptation Clinic,Neyamotpur,Nilganj,Wilting of Brinjal,Suggested to apply Copper oxychoride+Carbendazim,Adaptation clinic,30.12.24
701,26.12.24,Nilganj Adaptation Clinic,Neyamotpur,Nilganj,Brown spot on Chilli leaf,Suggested to Spray Copper Oxicloride,Adaptation clinic,02.01.25
702,30.12.24,Nilganj Adaptation Clinic,Mostafapur,Nilganj,Leaf Curl of tomato,Suggested to Spray Imidacloprid,Adaptation clinic,02.01.25
703,30.12.24,Nilganj Adaptation Clinic,Haldibariya,Nilganj,Cutworm attack on Maize plant,"Use parching, apply irrigation and Spray kerosine mixture water",Adaptation clinic,02.01.25
704,30.12.24,Nilganj Adaptation Clinic,Nilganj,Nilganj,Leaf Curl  of Tomato,Apply yellow sticky trap and Neem leaf extract and for severe attack apply imidacloprid,Mobile Adaptation Clinic,15.01.25
705,30.12.24,Nilganj Adaptation Clinic,Nilganj,Nilganj,Leaf Curl  of Tomato,Apply yellow sticky trap and Neem leaf extract and for severe attack apply imidacloprid,Mobile Adaptation Clinic,15.01.25
706,30.12.24,Nilganj Adaptation Clinic,Nilganj,Nilganj,Stem rot of tomato,Suggested to apply Mancozeb+Carbendazim,Mobile Adaptation Clinic,15.01.25
707,30.12.24,Nilganj Adaptation Clinic,Nilganj,Nilganj,Stem rot of tomato,Suggested to apply Mancozeb+Carbendazim,Mobile Adaptation Clinic,15.01.25
708,30.12.24,Nilganj Adaptation Clinic,Nilganj,Nilganj,Insect Attack on Pumpkin,Suggested to apply Imidacloprid,Mobile Adaptation Clinic,15.01.25
709,30.12.24,Nilganj Adaptation Clinic,Nilganj,Nilganj,Insect Attack on Pumpkin,Suggested to apply Imidacloprid,Mobile Adaptation Clinic,15.01.25
710,30.12.24,Nilganj Adaptation Clinic,Nilganj,Nilganj,Stunting growth of Mustard,Apply Urea with irrigation,Mobile Adaptation Clinic,15.01.25
711,30.12.24,Nilganj Adaptation Clinic,Nilganj,Nilganj,Suggestion on Mungbean Land Preparation,Ploughing 3-4 times and apply manure and seed sowing should be done in line,Mobile Adaptation Clinic,15.01.25
712,30.12.24,Nilganj Adaptation Clinic,Nilganj,Nilganj,Suggestion on Mungbean Land Preparation,Ploughing 3-4 times and apply manure and seed sowing should be done in line,Mobile Adaptation Clinic,15.01.25
713,30.12.24,Nilganj Adaptation Clinic,Nilganj,Nilganj,Leaf Curl Of Chilli,Suggested to apply Imidacloprid,Mobile Adaptation Clinic,15.01.25
714,30.12.24,Nilganj Adaptation Clinic,Nilganj,Nilganj,Leaf Curl Of Chilli,Suggested to apply Imidacloprid,Mobile Adaptation Clinic,15.01.25
715,30.12.24,Nilganj Adaptation Clinic,Nilganj,Nilganj,Attack of Cabbage Butterfly on Cabbage,Suggested to apply Cypermethrin/Lamdacyhalothrin,Mobile Adaptation Clinic,15.01.25
716,30.12.24,Nilganj Adaptation Clinic,Nilganj,Nilganj,Attack of Cabbage Butterfly on Caulifloer,Suggested to apply Cypermethrin/Lamdacyhalothrin,Mobile Adaptation Clinic,15.01.25
717,02.01.2025,Nilganj Adaptation Clinic,Haldibariya,Nilganj,Yellowing of Watermelon Leaves,Suggested to apply Amister to+Imidacloprid,Adaptation clinic,17.01.24
718,05.01.2025,Nilganj Adaptation Clinic,amirabad,Nilganj,Sunflower cultivation,Thinning out the seedlings and Gap filling,Adaptation clinic,20.01.2025
719,05.01.2025,Nilganj Adaptation Clinic,Amirabad,Nilganj,Fruit fly attack on Bottle gourd,Suggestion given to use Pheromone box and in severe case apply Cypermethrin,Adaptation clinic,20.01.2025
720,06.01.2025,Nilganj Adaptation Clinic,Amirabad,Nilganj,Sunflower cultivation,Thinning out the seedlings and Gap filling,Adaptation clinic,21.01.2025
721,06.01.2025,Nilganj Adaptation Clinic,Amirabad,Nilganj,Amar Bon,Suggested to irrigate the Saplings regularly,Adaptation clinic,21.01.2025
722,06.01.2025,Nilganj Adaptation Clinic,Amirabad,Nilganj,Sunflower cultivation,Thinning out the seedlings and Gap filling,Adaptation clinic,21.01.2025
723,07.01.2025,Nilganj Adaptation Clinic,Sadarpur,Nilganj,Fruit fly attack on Bottle gourd,Suggestion given to use Pheromone box and in severe case apply Cypermethrin,Adaptation clinic,22.01.25
724,07.01.2025,Nilganj Adaptation Clinic,Sadarpur,Nilganj,Drying of young leaves of Maize,Suggested to irrigate land and apply Boron fertilizer,Adaptation clinic,22.01.2025
725,08.01.2025,Nilganj Adaptation Clinic,Sadarpur,Nilganj,Stunting growth of Mustard,Suggested to irrigate land and apply UREA,Mobile Adaptation Clinic,20.01.2025
726,08.01.2025,Nilganj Adaptation Clinic,Sadarpur,Nilganj,Fruit fly attack on Bottle gourd,Suggestion given to use Pheromone box and in severe case apply Cypermethrin,Mobile Adaptation Clinic,20.01.2025
727,08.01.2025,Nilganj Adaptation Clinic,Sadarpur,Nilganj,Drying of young leaves of Maize,Suggested to irrigate land and apply Boron fertilizer,Mobile Adaptation Clinic,20.01.2025
728,08.01.2025,Nilganj Adaptation Clinic,Sadarpur,Nilganj,Maize cultivation,Suggested to irrigate land and apply Boron fertilizer,Mobile Adaptation Clinic,20.01.2025
729,08.01.2025,Nilganj Adaptation Clinic,Sadarpur,Nilganj,Sunflower cultivation,Thinning out the seedlings and Gap filling,Mobile Adaptation Clinic,20.01.2025
730,08.01.2025,Nilganj Adaptation Clinic,Sadarpur,Nilganj,Fruit fly attack on Sweet gourd,Suggestion given to use Pheromone box and in severe case apply Cypermethrin,Mobile Adaptation Clinic,20.01.2025
731,08.01.2025,Nilganj Adaptation Clinic,Sadarpur,Nilganj,Mosaic of Cucumber,Suggested to use yellow sticky trap and apply Imidacloprid,Mobile Adaptation Clinic,20.01.2025
732,08.01.2025,Nilganj Adaptation Clinic,Sadarpur,Nilganj,Maize cultivation,Suggested to irrigate land and apply Boron fertilizer,Mobile Adaptation Clinic,20.01.2025
733,08.01.2025,Nilganj Adaptation Clinic,Sadarpur,Nilganj,Spices cultivation,Suggested to irrigate the seedling regularly,Mobile Adaptation Clinic,20.01.2025
734,08.01.2025,Nilganj Adaptation Clinic,Sadarpur,Nilganj,Mosaic of Sweet Gourd,Suggested to use yellow sticky trap and apply Imidacloprid,Mobile Adaptation Clinic,20.01.2025
735,08.01.2025,Nilganj Adaptation Clinic,Sadarpur,Nilganj,Sunflower cultivation,Thinning out the seedlings and Gap filling,Mobile Adaptation Clinic,20.01.2025
736,08.01.2025,Nilganj Adaptation Clinic,Hazipur,Nilganj,Yellowing leaves of Spices plant,Apply schedule irrigation and suggested to apply compost,Adaptation clinic,23.01.2025
737,09.01.2025,Nilganj Adaptation Clinic,Mozidbariya,Nilganj,Leaf Curl of Chilli,Spray soap water or neem seed soaked water and also suggested to apply Imidacloprid,Adaptation clinic,24.01.2025
738,09.01.2025,Nilganj Adaptation Clinic,Syedpur,Nilganj,Cauliflower culivation related problem,Suggested to irrigate properly and apply flora @2gm/L,Adaptation clinic,24.01.2025
739,14.01.2025,Nilganj Adaptation Clinic,Pakhimara,Nilganj,Leaf Curl of Chilli,Spray soap water or neem seed soaked water and also suggested to apply Imidacloprid,Mobile Adaptation Clinic,29.01.2025
740,14.01.2025,Nilganj Adaptation Clinic,Pakhimara,Nilganj,Leaf Curl of Chilli,Spray soap water or neem seed soaked water and also suggested to apply Imidacloprid,Mobile Adaptation Clinic,29.01.2025
741,14.01.2025,Nilganj Adaptation Clinic,Pakhimara,Nilganj,Leaf Curl of Tomato,Spray soap water or neem seed soaked water and also suggested to apply Imidacloprid,Mobile Adaptation Clinic,29.01.2025
742,14.01.2025,Nilganj Adaptation Clinic,Pakhimara,Nilganj,Leaf Curl of Tomato,Spray soap water or neem seed soaked water and also suggested to apply Imidacloprid,Mobile Adaptation Clinic,29.01.2025
743,14.01.2025,Nilganj Adaptation Clinic,Pakhimara,Nilganj,Leaf Curl of Chilli,"Spray soap water or neem seed soaked water, use yellow sticky trap and also suggested to apply Imidacloprid",Mobile Adaptation Clinic,29.01.2025
744,14.01.2025,Nilganj Adaptation Clinic,Pakhimara,Nilganj,Leaf Curl of Chilli,"Spray soap water or neem seed soaked water, use yellow sticky trap and also suggested to apply Imidacloprid",Mobile Adaptation Clinic,29.01.2025
745,14.01.2025,Nilganj Adaptation Clinic,Pakhimara,Nilganj,Leaf Curl of Chilli,"Spray soap water or neem seed soaked water, use yellow sticky trap and also suggested to apply Imidacloprid",Mobile Adaptation Clinic,29.01.2025
746,14.01.2025,Nilganj Adaptation Clinic,Pakhimara,Nilganj,Leaf Curl of Chilli,"Spray soap water or neem seed soaked water, use yellow sticky trap and also suggested to apply Imidacloprid",Mobile Adaptation Clinic,29.01.2025
747,14.01.2025,Nilganj Adaptation Clinic,Pakhimara,Nilganj,Leaf Curl of Tomato,Spray soap water or neem seed soaked water and also suggested to apply Imidacloprid,Mobile Adaptation Clinic,29.01.2025
748,14.01.2025,Nilganj Adaptation Clinic,Pakhimara,Nilganj,Attack Of Cabbage butterfly on Cauliflower,Suggested to apply Cypermethrin/Lamdacyhalothrin,Mobile Adaptation Clinic,29.01.2025
749,14.01.2025,Nilganj Adaptation Clinic,Pakhimara,Nilganj,Attack Of Cabbage butterfly on Cauliflower,Suggested to apply Cypermethrin/Lamdacyhalothrin,Mobile Adaptation Clinic,29.01.2025
750,16.01.2025,Nilganj Adaptation Clinic,Kumirmara,Nilganj,Aphid attack on yard Long Bean,Suggeted to apply ash and yellow sticky trap,Adaptation clinic,01.02.2025
751,16.01.2025,Nilganj Adaptation Clinic,Kumirmara,Nilganj,Aphid attack on yard Long Bean,Suggeted to apply ash and yellow sticky trap,Adaptation clinic,01.02.2025
752,19.01.2025,Nilganj Adaptation Clinic,Pakhimara,Nilganj,Leaf Curl of Chilli,"Spray soap water or neem seed soaked water, use yellow sticky trap and also suggested to aply Imidacloprid",Adaptation clinic,29.01.2025
753,19.01.2025,Nilganj Adaptation Clinic,Kumirmara,Nilganj,Land Preparation,Suggested to plough land properly and sow seed as fast as possible,Adaptation clinic,29.01.2025
754,19.01.2025,Nilganj Adaptation Clinic,Mostafapur,Nilganj,Sunflower cultivation,"Suggested to apply Urea fertilizer,Irrigation and Fungicide",Mobile Adaptation Clinic,29.01.2025
755,19.01.2025,Nilganj Adaptation Clinic,Mostafapur,Nilganj,Sunflower cultivation,"Suggested to apply Urea fertilizer,Irrigation and Fungicide",Mobile Adaptation Clinic,29.01.2025
756,19.01.2025,Nilganj Adaptation Clinic,Mostafapur,Nilganj,Sunflower cultivation,"Suggested to apply Urea fertilizer,Irrigation and Fungicide",Mobile Adaptation Clinic,29.01.2025
757,19.01.2025,Nilganj Adaptation Clinic,Mostafapur,Nilganj,Sunflower cultivation,"Suggested to apply Urea fertilizer,Irrigation and Fungicide",Mobile Adaptation Clinic,29.01.2025
758,19.01.2025,Nilganj Adaptation Clinic,Mostafapur,Nilganj,Sunflower cultivation,"Suggested to apply Urea fertilizer,Irrigation and Fungicide",Mobile Adaptation Clinic,29.01.2025
759,19.01.2025,Nilganj Adaptation Clinic,Mostafapur,Nilganj,Catterpillar attack on Sunflower leaves,Suggested to Apply Ripcord@2ml/L water,Mobile Adaptation Clinic,29.01.2025
760,19.01.2025,Nilganj Adaptation Clinic,Mostafapur,Nilganj,Sunflower cultivation,"Suggested to apply Urea fertilizer,Irrigation and Fungicide",Mobile Adaptation Clinic,29.01.2025
761,19.01.2025,Nilganj Adaptation Clinic,Mostafapur,Nilganj,Sunflower cultivation,"Suggested to apply Urea fertilizer,Irrigation and Fungicide",Mobile Adaptation Clinic,29.01.2025
762,19.01.2025,Nilganj Adaptation Clinic,Mostafapur,Nilganj,Sunflower cultivation,"Suggested to apply Urea fertilizer,Irrigation and Fungicide",Mobile Adaptation Clinic,29.01.2025
763,19.01.2025,Nilganj Adaptation Clinic,Mostafapur,Nilganj,Sunflower cultivation,"Suggested to apply Urea fertilizer,Irrigation and Fungicide",Mobile Adaptation Clinic,29.01.2025
764,19.01.2025,Nilganj Adaptation Clinic,Mostafapur,Nilganj,Sunflower cultivation,"Suggested to apply Urea fertilizer,Irrigation and Fungicide",Mobile Adaptation Clinic,29.01.2025
765,19.01.2025,Nilganj Adaptation Clinic,Mostafapur,Nilganj,Sunflower cultivation,"Suggested to apply Urea fertilizer,Irrigation and Fungicide",Mobile Adaptation Clinic,29.01.2025
766,19.01.2025,Nilganj Adaptation Clinic,Mostafapur,Nilganj,Sunflower cultivation,"Suggested to apply Urea fertilizer,Irrigation and Fungicide",Mobile Adaptation Clinic,29.01.2025
767,19.01.2025,Nilganj Adaptation Clinic,Mostafapur,Nilganj,Sunflower cultivation,"Suggested to apply Urea fertilizer,Irrigation and Fungicide",Mobile Adaptation Clinic,29.01.2025
768,20.01.2025,Nilganj Adaptation Clinic,Kumirmara,Nilganj,Land Preparation,Suggested to plough land properly and sow seed as fast as possible,Adaptation clinic,30.01.2025
769,21.01.2025,Nilganj Adaptation Clinic,Neyamotour,Nilganj,Sunflower cultivation,"Suggested to apply Urea fertilizer,Irrigation and Fungicide",Mobile Adaptation Clinic,01.02.2025
770,21.01.2025,Nilganj Adaptation Clinic,Neyamotour,Nilganj,Sunflower cultivation,"Suggested to apply Urea fertilizer,Irrigation and Fungicide",Mobile Adaptation Clinic,01.02.2025
771,21.01.2025,Nilganj Adaptation Clinic,Neyamotour,Nilganj,Sunflower cultivation,"Suggested to apply Urea fertilizer,Irrigation and Fungicide",Mobile Adaptation Clinic,01.02.2025
772,21.01.2025,Nilganj Adaptation Clinic,Neyamotour,Nilganj,Sunflower cultivation,"Suggested to apply Urea fertilizer,Irrigation and Fungicide",Mobile Adaptation Clinic,01.02.2025
773,21.01.2025,Nilganj Adaptation Clinic,Neyamotour,Nilganj,Sunflower cultivation,"Suggested to apply Urea fertilizer,Irrigation and Fungicide",Mobile Adaptation Clinic,01.02.2025
774,21.01.2025,Nilganj Adaptation Clinic,Neyamotour,Nilganj,Sunflower cultivation,"Suggested to apply Urea fertilizer,Irrigation and Fungicide",Mobile Adaptation Clinic,01.02.2025
775,21.01.2025,Nilganj Adaptation Clinic,Neyamotour,Nilganj,Sunflower cultivation,"Suggested to apply Urea fertilizer,Irrigation and Fungicide",Mobile Adaptation Clinic,01.02.2025
776,21.01.2025,Nilganj Adaptation Clinic,Neyamotour,Nilganj,Sunflower cultivation,"Suggested to apply Urea fertilizer,Irrigation and Fungicide",Mobile Adaptation Clinic,01.02.2025
777,21.01.2025,Nilganj Adaptation Clinic,Neyamotour,Nilganj,Sunflower cultivation,"Suggested to apply Urea fertilizer,Irrigation and Fungicide",Mobile Adaptation Clinic,01.02.2025
778,21.01.2025,Nilganj Adaptation Clinic,Neyamotour,Nilganj,Sunflower cultivation,"Suggested to apply Urea fertilizer,Irrigation and Fungicide",Mobile Adaptation Clinic,01.02.2025
779,21.01.2025,Nilganj Adaptation Clinic,Neyamotour,Nilganj,Sunflower cultivation,"Suggested to apply Urea fertilizer,Irrigation and Fungicide",Mobile Adaptation Clinic,01.02.2025
780,21.01.2025,Nilganj Adaptation Clinic,Neyamotour,Nilganj,Sunflower cultivation,"Suggested to apply Urea fertilizer,Irrigation and Fungicide",Mobile Adaptation Clinic,01.02.2025
781,21.01.2025,Nilganj Adaptation Clinic,Neyamotour,Nilganj,Sunflower cultivation,"Suggested to apply Urea fertilizer,Irrigation and Fungicide",Mobile Adaptation Clinic,01.02.2025
782,21.01.2025,Nilganj Adaptation Clinic,Neyamotour,Nilganj,Sunflower cultivation,"Suggested to apply Urea fertilizer,Irrigation and Fungicide",Mobile Adaptation Clinic,01.02.2025
783,21.01.2025,Nilganj Adaptation Clinic,Neyamotour,Nilganj,Sunflower cultivation,"Suggested to apply Urea fertilizer,Irrigation and Fungicide",Mobile Adaptation Clinic,01.02.2025
784,22.01.2025,Nilganj Adaptation Clinic,Goiatola,Nilganj,Catterpillar attack on Sunflower leaves,Suggested to Apply Ripcord@2ml/L water,Adaptation clinic,02.02.2025
785,22.01.2025,Nilganj Adaptation Clinic,Goiatola,Nilganj,Catterpillar attack on Sunflower leaves,Suggested to Apply Ripcord@2ml/L water,Adaptation clinic,02.02.2025
786,26.01.2025,Nilganj Adaptation Clinic,Goiatola,Nilganj,Sunflower cultivation,"Suggested to apply Urea fertilizer,Irrigation and Fungicide",Adaptation clinic,6.02.2025
787,26.01.2025,Nilganj Adaptation Clinic,Haldibariya,Nilganj,Sunflower cultivation,"Suggested to apply Urea fertilizer,Irrigation and Fungicide",Adaptation clinic,6.02.2025
788,26.01.2025,Nilganj Adaptation Clinic,Goiatola,Nilganj,Sunflower cultivation,"Suggested to apply Urea fertilizer,Irrigation and Fungicide",Adaptation clinic,6.02.2025
789,27.01.2025,Nilganj Adaptation Clinic,Amirabad,Nilganj,Sunflower cultivation,"Suggested to apply Urea fertilizer,Irrigation and Fungicide",Mobile Adaptation Clinic,07.02.2025
790,27.01.2025,Nilganj Adaptation Clinic,Amirabad,Nilganj,Sunflower cultivation,"Suggested to apply Urea fertilizer,Irrigation and Fungicide",Mobile Adaptation Clinic,07.02.2026
791,27.01.2025,Nilganj Adaptation Clinic,Amirabad,Nilganj,Sunflower cultivation,"Suggested to apply Urea fertilizer,Irrigation and Fungicide",Mobile Adaptation Clinic,07.02.2027
792,27.01.2025,Nilganj Adaptation Clinic,Amirabad,Nilganj,Sunflower cultivation,"Suggested to apply Urea fertilizer,Irrigation and Fungicide",Mobile Adaptation Clinic,07.02.2028
793,27.01.2025,Nilganj Adaptation Clinic,Khalilpur,Nilganj,Sunflower cultivation,"Suggested to apply Urea fertilizer,Irrigation and Fungicide",Mobile Adaptation Clinic,07.02.2029
794,27.01.2025,Nilganj Adaptation Clinic,Khalilpur,Nilganj,Sunflower cultivation,"Suggested to apply Urea fertilizer,Irrigation and Fungicide",Mobile Adaptation Clinic,07.02.2030
795,27.01.2025,Nilganj Adaptation Clinic,Khalilpur,Nilganj,Sunflower cultivation,"Suggested to apply Urea fertilizer,Irrigation and Fungicide",Mobile Adaptation Clinic,07.02.2031
796,27.01.2025,Nilganj Adaptation Clinic,Khalilpur,Nilganj,Sunflower cultivation,"Suggested to apply Urea fertilizer,Irrigation and Fungicide",Mobile Adaptation Clinic,07.02.2032
797,27.01.2025,Nilganj Adaptation Clinic,Khalilpur,Nilganj,Sunflower cultivation,"Suggested to apply Urea fertilizer,Irrigation and Fungicide",Mobile Adaptation Clinic,07.02.2033
798,27.01.2025,Nilganj Adaptation Clinic,Khalilpur,Nilganj,Sunflower cultivation,"Suggested to apply Urea fertilizer,Irrigation and Fungicide",Mobile Adaptation Clinic,07.02.2034
799,27.01.2025,Nilganj Adaptation Clinic,Khalilpur,Nilganj,Sunflower cultivation,"Suggested to apply Urea fertilizer,Irrigation and Fungicide",Mobile Adaptation Clinic,07.02.2035
800,27.01.2025,Nilganj Adaptation Clinic,Khalilpur,Nilganj,Sunflower cultivation,"Suggested to apply Urea fertilizer,Irrigation and Fungicide",Mobile Adaptation Clinic,07.02.2036
801,27.01.2025,Nilganj Adaptation Clinic,Khalilpur,Nilganj,Sunflower cultivation,"Suggested to apply Urea fertilizer,Irrigation and Fungicide",Mobile Adaptation Clinic,07.02.2037
802,27.01.2025,Nilganj Adaptation Clinic,Khalilpur,Nilganj,Sunflower cultivation,"Suggested to apply Urea fertilizer,Irrigation and Fungicide",Mobile Adaptation Clinic,07.02.2038
803,27.01.2025,Nilganj Adaptation Clinic,Khalilpur,Nilganj,Sunflower cultivation,"Suggested to apply Urea fertilizer,Irrigation and Fungicide",Mobile Adaptation Clinic,07.02.2039
804,27.01.2025,Nilganj Adaptation Clinic,Khalilpur,Nilganj,Sunflower cultivation,"Suggested to apply Urea fertilizer,Irrigation and Fungicide",Mobile Adaptation Clinic,07.02.2040
805,02.02.2025,Nilganj Adaptation Clinic,Hazipur,Nilganj,Drying of young leaves of Maize,Suggested to irrigate land and apply Boron fertilizer,Adaptation clinic,12.02.2025
806,02.02.2025,Nilganj Adaptation Clinic,Sadarpur,Nilganj,Leaf Curl of Chilli,Spray soap water or neem seed soaked water and also suggested to aply Imidacloprid,Adaptation clinic,12.02.2025
807,03.02.2025,Nilganj Adaptation Clinic,Taherpur,Nilganj,Lack of oxygen in fish pond,Suggested to apply Oxychlore and Geolight immediately,Adaptation clinic,05.02.2025
808,04.02.2025,Nilganj Adaptation Clinic,Kumirmara,Nilganj,Aphid attack on Yard Long Bean,Suggested to apply Ash and Yellow stciky Trap,Adaptation clinic,14.02.2025
809,04.02.2025,Nilganj Adaptation Clinic,Kumirmara,Nilganj,Insect attack on Mungbean leaves,Suggested to Apply Ripcord@2ml/L,Adaptation clinic,14.02.2025
810,05.02.2025,Nilganj Adaptation Clinic,Goiatola,Nilganj,Gummy Stem Blight of Cucumber,Suggested to apply Solubor Bororn and Copper Oxichloride,Mobile Adaptation Clinic,"15.02,2025"
811,05.02.2025,Nilganj Adaptation Clinic,Goiatola,Nilganj,Leaf Curl of Tomato,Spray soap water or neem seed soaked water and also suggested to aply Imidacloprid,Mobile Adaptation Clinic,"15.02,2026"
812,05.02.2025,Nilganj Adaptation Clinic,Goiatola,Nilganj,Leaf Curl Chilli,Spray soap water or neem seed soaked water and also suggested to apply Abamactin,Mobile Adaptation Clinic,"15.02,2027"
813,05.02.2025,Nilganj Adaptation Clinic,Goiatola,Nilganj,Wilt of brinjal,Affected plant should be destroy and spray copper oxycloride + carbendazim fungicide.,Mobile Adaptation Clinic,"15.02,2028"
814,05.02.2025,Nilganj Adaptation Clinic,Goiatola,Nilganj,Leaf Curl of Tomato,Spray soap water or neem seed soaked water and also suggested to apply Imidacloprid,Mobile Adaptation Clinic,"15.02,2029"
815,05.02.2025,Nilganj Adaptation Clinic,Goiatola,Nilganj,Wilt of chilli,Affected plant should be destroy and spray Mancozeb + carbendazim fungicide.,Mobile Adaptation Clinic,"15.02,2030"
816,05.02.2025,Nilganj Adaptation Clinic,Goiatola,Nilganj,Drying of young leaves of Cucumber,Suggested to irrigate land and apply Boron fertilizer,Mobile Adaptation Clinic,"15.02,2031"
817,05.02.2025,Nilganj Adaptation Clinic,Goiatola,Nilganj,Leaf Curl of Tomato,Spray soap water or neem seed soaked water and also suggested to apply Imidacloprid,Mobile Adaptation Clinic,"15.02,2032"
818,05.02.2025,Nilganj Adaptation Clinic,Goiatola,Nilganj,Wilt of brinjal,Affected plant should be destroy and spray copper oxycloride + carbendazim fungicide.,Mobile Adaptation Clinic,"15.02,2033"
819,05.02.2025,Nilganj Adaptation Clinic,Goiatola,Nilganj,Catterpillar attack on Sunflower leaves,Suggested to Apply Ripcord@2ml/L water,Mobile Adaptation Clinic,"15.02,2034"
820,06.02.2025,Nilganj Adaptation Clinic,Rosnabad,Nilganj,Sunflower cultivation,"Suggested to apply Urea fertilizer,Irrigation and Fungicide",Adaptation clinic,16.02.2025
821,10.02.2025,Nilganj Adaptation Clinic,Mohammadpur,Nilganj,Catterpillar attack on Sunflower leaves,Suggested to Apply Ripcord@2ml/L water,Mobile Adaptation Clinic,20.02.2025
822,10.02.2025,Nilganj Adaptation Clinic,Mohammadpur,Nilganj,Sunflower cultivation,"Suggested to apply 2nd basal dose of Urea fertilizer,Irrigation and Fungicide",Mobile Adaptation Clinic,20.02.2025
823,10.02.2025,Nilganj Adaptation Clinic,Mohammadpur,Nilganj,Sunflower cultivation,"Suggested to apply 2nd basal dose of Urea fertilizer,Irrigation and Fungicide",Mobile Adaptation Clinic,20.02.2025
824,10.02.2025,Nilganj Adaptation Clinic,Mohammadpur,Nilganj,Sunflower cultivation,"Suggested to apply 2nd basal dose of Urea fertilizer,Irrigation and Fungicide",Mobile Adaptation Clinic,20.02.2025
825,10.02.2025,Nilganj Adaptation Clinic,Mohammadpur,Nilganj,Sunflower cultivation,"Suggested to apply 2nd basal dose of Urea fertilizer,Irrigation and Fungicide",Mobile Adaptation Clinic,20.02.2025
826,10.02.2025,Nilganj Adaptation Clinic,Mohammadpur,Nilganj,Sunflower cultivation,"Suggested to apply 2nd basal dose of Urea fertilizer,Irrigation and Fungicide",Mobile Adaptation Clinic,20.02.2025
827,10.02.2025,Nilganj Adaptation Clinic,Mohammadpur,Nilganj,Sunflower cultivation,"Suggested to apply 2nd basal dose of Urea fertilizer,Irrigation and Fungicide",Mobile Adaptation Clinic,20.02.2025
828,10.02.2025,Nilganj Adaptation Clinic,Mohammadpur,Nilganj,Sunflower cultivation,"Suggested to apply 2nd basal dose of Urea fertilizer,Irrigation and Fungicide",Mobile Adaptation Clinic,20.02.2025
829,10.02.2025,Nilganj Adaptation Clinic,Mohammadpur,Nilganj,Sunflower cultivation,"Suggested to apply 2nd basal dose of Urea fertilizer,Irrigation and Fungicide",Mobile Adaptation Clinic,20.02.2025
830,10.02.2025,Nilganj Adaptation Clinic,Mohammadpur,Nilganj,Sunflower cultivation,"Suggested to apply 2nd basal dose of Urea fertilizer,Irrigation and Fungicide",Mobile Adaptation Clinic,20.02.2025
831,10.02.2025,Nilganj Adaptation Clinic,Mohammadpur,Nilganj,Sunflower cultivation,"Suggested to apply 2nd basal dose of Urea fertilizer,Irrigation and Fungicide",Mobile Adaptation Clinic,20.02.2025
832,10.02.2025,Nilganj Adaptation Clinic,Goiatola,Nilganj,Sunflower cultivation,"Suggested to apply Urea fertilizer,Irrigation and Fungicide",Adaptation clinic,20.02.2025
833,10.02.2025,Nilganj Adaptation Clinic,Goiatola,Nilganj,Sunflower cultivation,"Suggested to apply Urea fertilizer,Irrigation and Fungicide",Adaptation clinic,20.02.2025
834,13.02.2025,Nilganj Adaptation Clinic,Syedpur,Nilganj,Attack Of Cabbage betterfly on Cauliflower,Suggested to apply Cypermethrin/Lamdacyhalothrin,Adaptation clinic,23.02.2025
835,16.02.2025,Nilganj Adaptation Clinic,Syedpur,Nilganj,Sunflower cultivation,"Suggested to apply Urea fertilizer,Irrigation and Fungicide",Adaptation clinic,26.01.2025
836,16.02.2025,Nilganj Adaptation Clinic,Hazipur,Nilganj,Leaf Curl of Chilli,Spray soap water or neem seed soaked water and also suggested to aply Imidacloprid,Adaptation clinic,26.01.2025
837,16.02.2025,Nilganj Adaptation Clinic,Rosnabad,Nilganj,Sunflower cultivation,"Suggested to apply Urea fertilizer,Irrigation, Fungicide and also suggested to spray flora and Solubor Boron",Mobile Adaptation Clinic,27.02.2025
838,16.02.2025,Nilganj Adaptation Clinic,Rosnabad,Nilganj,Sunflower cultivation,"Suggested to apply Urea fertilizer,Irrigation, Fungicide and also suggested to spray flora and Solubor Boron",Mobile Adaptation Clinic,27.02.2025
839,16.02.2025,Nilganj Adaptation Clinic,Rosnabad,Nilganj,Sunflower cultivation,"Suggested to apply Urea fertilizer,Irrigation, Fungicide and also suggested to spray flora and Solubor Boron",Mobile Adaptation Clinic,27.02.2025
840,16.02.2025,Nilganj Adaptation Clinic,Rosnabad,Nilganj,Sunflower cultivation,"Suggested to apply Urea fertilizer,Irrigation, Fungicide and also suggested to spray flora and Solubor Boron",Mobile Adaptation Clinic,27.02.2025
841,16.02.2025,Nilganj Adaptation Clinic,Rosnabad,Nilganj,Sunflower cultivation,"Suggested to apply Urea fertilizer,Irrigation, Fungicide and also suggested to spray flora and Solubor Boron",Mobile Adaptation Clinic,27.02.2025
842,16.02.2025,Nilganj Adaptation Clinic,Rosnabad,Nilganj,Sunflower cultivation,"Suggested to apply Urea fertilizer,Irrigation, Fungicide and also suggested to spray flora and Solubor Boron",Mobile Adaptation Clinic,27.02.2025
843,16.02.2025,Nilganj Adaptation Clinic,Rosnabad,Nilganj,Sunflower cultivation,"Suggested to apply Urea fertilizer,Irrigation, Fungicide and also suggested to spray flora and Solubor Boron",Mobile Adaptation Clinic,27.02.2025
844,16.02.2025,Nilganj Adaptation Clinic,Rosnabad,Nilganj,Sunflower cultivation,"Suggested to apply Urea fertilizer,Irrigation, Fungicide and also suggested to spray flora and Solubor Boron",Mobile Adaptation Clinic,27.02.2025
845,16.02.2025,Nilganj Adaptation Clinic,Rosnabad,Nilganj,Sunflower cultivation,"Suggested to apply Urea fertilizer,Irrigation, Fungicide and also suggested to spray flora and Solubor Boron",Mobile Adaptation Clinic,27.02.2025
846,16.02.2025,Nilganj Adaptation Clinic,Rosnabad,Nilganj,Sunflower cultivation,"Suggested to apply Urea fertilizer,Irrigation, Fungicide and also suggested to spray flora and Solubor Boron",Mobile Adaptation Clinic,27.02.2025
847,17.02.2025,Nilganj Adaptation Clinic,Syedpur,Nilganj,Yellowing of Cucumber Leaves,Suggested to irrigate land and apply Boron fertilizer,Adaptation clinic,27.02.2025
848,17.02.2025,Nilganj Adaptation Clinic,Amirabad,Nilganj,Sunflower cultivation,"Suggested to apply Urea fertilizer,Irrigation, Fungicide and also suggested to spray flora",Adaptation clinic,27.02.2025
849,17.02.2025,Nilganj Adaptation Clinic,Neyamotour,Nilganj,Sunflower cultivation,"Suggested to apply Urea fertilizer,Irrigation, Fungicide and also suggested to spray flora",Adaptation clinic,27.02.2025
850,18.02.2025,Nilganj Adaptation Clinic,Syedpur,Nilganj,Cucumber cultivation Related issues,Irrigated the cucumber field judiciously,Mobile Adaptation Clinic,28.02.2025
851,18.02.2025,Nilganj Adaptation Clinic,Syedpur,Nilganj,Vegetables cultivation,Suggested to plough land properly and sow seed as fast as possible,Mobile Adaptation Clinic,28.02.2026
852,18.02.2025,Nilganj Adaptation Clinic,Syedpur,Nilganj,Sunflower cultivation,"Suggested to apply Urea fertilizer,Irrigation, Fungicide and also suggested to spray flora",Mobile Adaptation Clinic,28.02.2027
853,18.02.2025,Nilganj Adaptation Clinic,Syedpur,Nilganj,Sunflower cultivation,"Suggested to apply Urea fertilizer,Irrigation, Fungicide and also suggested to spray flora",Mobile Adaptation Clinic,28.02.2028
854,18.02.2025,Nilganj Adaptation Clinic,Syedpur,Nilganj,Sunflower cultivation,"Suggested to apply Urea fertilizer,Irrigation, Fungicide and also suggested to spray flora",Mobile Adaptation Clinic,28.02.2029
855,18.02.2025,Nilganj Adaptation Clinic,Syedpur,Nilganj,Fruit fly Attack on Cucumbefr,Suggested to use Pheromone Trap and if attack is high apply Cypermethrin,Mobile Adaptation Clinic,28.02.2030
856,18.02.2025,Nilganj Adaptation Clinic,Syedpur,Nilganj,Leaf curling of Bitter gourd,Suggested to use yellow sticky trap and if severe attack apply Imidachloropid,Mobile Adaptation Clinic,28.02.2031
857,18.02.2025,Nilganj Adaptation Clinic,Syedpur,Nilganj,Fruit fly Attack on Cucumbefr,Suggested to use Pheromone Trap and if attack is high apply Cypermethrin,,28.02.2032
858,18.02.2025,Nilganj Adaptation Clinic,Syedpur,Nilganj,Sunflower cultivation,"Suggested to apply Urea fertilizer,Irrigation, Fungicide and also suggested to spray flora",,28.02.2033
859,18.02.2025,Nilganj Adaptation Clinic,Syedpur,Nilganj,Fruit fly Attack on Cucumbefr,Suggested to use Pheromone Trap and if attack is high apply Cypermethrin,,28.02.2034
860,19.02.2025,Nilganj Adaptation Clinic,Amirabad,Nilganj,Root Rot Of Sunflower,Suggested to Spray Mancer @ 2gm/L water,Adaptation clinic,01.03.2025
861,19.02.2025,Nilganj Adaptation Clinic,Khalilpur,Nilganj,Catterpillar attack on Sunflower leaves,Suggested to Apply Ripcord@2ml/L water,Adaptation clinic,01.03.2025
862,20.02.2025,Nilganj Adaptation Clinic,Khalilpur,Nilganj,Leaf Curl of Chilli,Spray soap water or neem seed soaked water and also suggested to aply Imidacloprid,Adaptation clinic,02.03.2025
863,20.02.2025,Nilganj Adaptation Clinic,Khalilpur,Nilganj,Leaf Curl of Chilli,Spray soap water or neem seed soaked water and also suggested to aply Imidacloprid,Adaptation clinic,02.03.2025
864,20.02.2025,Nilganj Adaptation Clinic,Khalilpur,Nilganj,Root Rot Of Sunflower,Suggested to Spray Mancer @ 2gm/L water,Adaptation clinic,02.03.2025
865,20.02.2025,Nilganj Adaptation Clinic,Neyamotour,Nilganj,Sunflower cultivation,"Suggested to apply Urea fertilizer,Irrigation, Fungicide and also suggested to spray flora",Mobile Adaptation Clinic,02.03.2025
866,20.02.2025,Nilganj Adaptation Clinic,Neyamotour,Nilganj,Sunflower cultivation,"Suggested to apply Urea fertilizer,Irrigation, Fungicide and also suggested to spray flora",Mobile Adaptation Clinic,02.03.2026
867,20.02.2025,Nilganj Adaptation Clinic,Neyamotour,Nilganj,Sunflower cultivation,"Suggested to apply Urea fertilizer,Irrigation, Fungicide and also suggested to spray flora",Mobile Adaptation Clinic,02.03.2027
868,20.02.2025,Nilganj Adaptation Clinic,Neyamotour,Nilganj,Sunflower cultivation,"Suggested to apply Urea fertilizer,Irrigation, Fungicide and also suggested to spray flora",Mobile Adaptation Clinic,02.03.2028
869,20.02.2025,Nilganj Adaptation Clinic,Neyamotour,Nilganj,Sunflower cultivation,"Suggested to apply Urea fertilizer,Irrigation, Fungicide and also suggested to spray flora",Mobile Adaptation Clinic,02.03.2029
870,20.02.2025,Nilganj Adaptation Clinic,Neyamotour,Nilganj,Sunflower cultivation,"Suggested to apply Urea fertilizer,Irrigation, Fungicide and also suggested to spray flora",Mobile Adaptation Clinic,02.03.2030
871,20.02.2025,Nilganj Adaptation Clinic,Neyamotour,Nilganj,Sunflower cultivation,"Suggested to apply Urea fertilizer,Irrigation, Fungicide and also suggested to spray flora",Mobile Adaptation Clinic,02.03.2031
872,20.02.2025,Nilganj Adaptation Clinic,Neyamotour,Nilganj,Sunflower cultivation,"Suggested to apply Urea fertilizer,Irrigation, Fungicide and also suggested to spray flora",Mobile Adaptation Clinic,02.03.2032
873,20.02.2025,Nilganj Adaptation Clinic,Neyamotour,Nilganj,Sunflower cultivation,"Suggested to apply Urea fertilizer,Irrigation, Fungicide and also suggested to spray flora",Mobile Adaptation Clinic,02.03.2033
874,20.02.2025,Nilganj Adaptation Clinic,Neyamotour,Nilganj,Sunflower cultivation,"Suggested to apply Urea fertilizer,Irrigation, Fungicide and also suggested to spray flora",Mobile Adaptation Clinic,02.03.2034
875,20.02.2025,Nilganj Adaptation Clinic,Neyamotour,Nilganj,Sunflower cultivation,"Suggested to apply Urea fertilizer,Irrigation, Fungicide and also suggested to spray flora",Mobile Adaptation Clinic,02.03.2035
876,26.02.2025,Nilganj Adaptation Clinic,Haldibariya,Nilganj,Sunflower cultivation,"Suggested to apply Urea fertilizer,Irrigation, Fungicide and also suggested to spray flora",Mobile Adaptation Clinic,08.03.2025
877,26.02.2025,Nilganj Adaptation Clinic,Haldibariya,Nilganj,Sunflower cultivation,"Suggested to apply Urea fertilizer,Irrigation, Fungicide and also suggested to spray flora",Mobile Adaptation Clinic,08.03.2025
878,26.02.2025,Nilganj Adaptation Clinic,Haldibariya,Nilganj,Sunflower cultivation,"Suggested to apply Urea fertilizer,Irrigation, Fungicide and also suggested to spray flora",Mobile Adaptation Clinic,08.03.2025
879,26.02.2025,Nilganj Adaptation Clinic,Haldibariya,Nilganj,Sunflower cultivation,"Suggested to apply Urea fertilizer,Irrigation, Fungicide and also suggested to spray flora",Mobile Adaptation Clinic,08.03.2025
880,26.02.2025,Nilganj Adaptation Clinic,Haldibariya,Nilganj,Sunflower cultivation,"Suggested to apply Urea fertilizer,Irrigation, Fungicide and also suggested to spray flora",Mobile Adaptation Clinic,08.03.2025
881,26.02.2025,Nilganj Adaptation Clinic,Haldibariya,Nilganj,Sunflower cultivation,"Suggested to apply Urea fertilizer,Irrigation, Fungicide and also suggested to spray flora",Mobile Adaptation Clinic,08.03.2025
882,26.02.2025,Nilganj Adaptation Clinic,Haldibariya,Nilganj,Sunflower cultivation,"Suggested to apply Urea fertilizer,Irrigation, Fungicide and also suggested to spray flora",Mobile Adaptation Clinic,08.03.2025
883,26.02.2025,Nilganj Adaptation Clinic,Haldibariya,Nilganj,Sunflower cultivation,"Suggested to apply Urea fertilizer,Irrigation, Fungicide and also suggested to spray flora",Mobile Adaptation Clinic,08.03.2025
884,26.02.2025,Nilganj Adaptation Clinic,Haldibariya,Nilganj,Sunflower cultivation,"Suggested to apply Urea fertilizer,Irrigation, Fungicide and also suggested to spray flora",Mobile Adaptation Clinic,08.03.2025
885,26.02.2025,Nilganj Adaptation Clinic,Haldibariya,Nilganj,Sunflower cultivation,"Suggested to apply Urea fertilizer,Irrigation, Fungicide and also suggested to spray flora",Mobile Adaptation Clinic,08.03.2025
886,26.02.2025,Nilganj Adaptation Clinic,Haldibariya,Nilganj,Sunflower cultivation,"Suggested to apply Urea fertilizer,Irrigation, Fungicide and also suggested to spray flora",Mobile Adaptation Clinic,08.03.2025
887,26.02.2025,Nilganj Adaptation Clinic,Haldibariya,Nilganj,Sunflower cultivation,"Suggested to apply Urea fertilizer,Irrigation, Fungicide and also suggested to spray flora",Mobile Adaptation Clinic,08.03.2025
888,26.02.2025,Nilganj Adaptation Clinic,Syedpur,Nilganj,Fruit fly Attack on Cucumber,Suggested to use Pheromone Trap and if attack is high apply Cypermethrin,Adaptation clinic,12.03.2025
889,02.03.2025,Nilganj Adaptation Clinic,Haldibariya,Nilganj,Sunflower cultivation,"Suggested to apply Urea fertilizer,Irrigation, Fungicide and also suggested to spray flora",Adaptation clinic,12.03.2025
890,03.03.2025,Nilganj Adaptation Clinic,Haldibariya,Nilganj,Sunflower cultivation,"Suggested to apply Urea fertilizer,Irrigation, Fungicide and also suggested to spray flora",Adaptation clinic,12.03.2025
891,03.03.2025,Nilganj Adaptation Clinic,Haldibariya,Nilganj,Sunflower cultivation,"Suggested to apply Urea fertilizer,Irrigation, Fungicide and also suggested to spray flora",Adaptation clinic,12.03.2025
892,03.03.2025,Nilganj Adaptation Clinic,Syedpur,Nilganj,Sunflower cultivation,"Suggested to apply Urea fertilizer,Irrigation, Fungicide and also suggested to spray flora",Field Visit,13.03.2024
893,03.03.2025,Nilganj Adaptation Clinic,Syedpur,Nilganj,Cucumber cultivation Related issues,Suggested to apply judicious irrigation,Field Visit,13.03.2025
894,03.03.2025,Nilganj Adaptation Clinic,Syedpur,Nilganj,Sunflower cultivation,Suggested to apply Irrigation and Flora,Field Visit,13.03.2025
895,04.03.2025,Nilganj Adaptation Clinic,Neyamotour,Nilganj,Sunflower cultivation,Suggested to apply Irrigation and Flora,Adaptation clinic,14.03.2025
896,04.03.2025,Nilganj Adaptation Clinic,Amirabad,Nilganj,Fruit fly Attack on Cucumber,Suggested to use Pheromone Trap and if attack is high apply Cypermethrin,Adaptation clinic,14.03.2025
897,04.03.2025,Nilganj Adaptation Clinic,Haldibariya,Nilganj,Watermelon growth not satisfactory,Suggested to apply Irrigation and Flora,Field Visit,14.03.2025
898,04.03.2025,Nilganj Adaptation Clinic,Haldibariya,Nilganj,Sunflower cultivation,"Suggested to apply Urea fertilizer,Irrigation, Fungicide and also suggested to spray flora",Field Visit,14.03.2025
899,04.03.2025,Nilganj Adaptation Clinic,Haldibariya,Nilganj,Sunflower cultivation,"Suggested to apply Urea fertilizer,Irrigation, Fungicide and also suggested to spray flora",Field Visit,14.03.2025
900,04.03.2025,Nilganj Adaptation Clinic,Haldibariya,Nilganj,Sunflower cultivation,"Suggested to apply Urea fertilizer,Irrigation, Fungicide and also suggested to spray flora",Field Visit,14.03.2025
901,06.03.2025,Nilganj Adaptation Clinic,Amirabad,Nilganj,Root Rot Of Sunflower,Suggested to apply Mancer @2gm/L in the morning,Field Visit,16.03.2025
902,06.03.2025,Nilganj Adaptation Clinic,Amirabad,Nilganj,Sunflower cultivation,Suggested to apply Irrigation and Flora,Adaptation clinic,16.03.2025
903,06.03.2025,Nilganj Adaptation Clinic,Amirabad,Nilganj,Sunflower cultivation,Suggested to apply Irrigation and Flora,Adaptation clinic,16.03.2025
904,09.03.2025,Nilganj Adaptation Clinic,Amirabad,Nilganj,Ground nut cultivation related,Suggested to weeding the field and apply irrigation,Field Visit,19.03.2025
905,09.03.2025,Nilganj Adaptation Clinic,Uttar daulatpur,Nilganj,Root Rot Of Sunflower,Suggested to apply Mancer @2gm/L in the morning,Adaptation clinic,19.03.2025
906,09.03.2025,Nilganj Adaptation Clinic,Adampur,Nilganj,Yellow stem borer attack on Rice,Suggested to apply Cartap+Fipronil @ 2ml/L at afternoon,Adaptation clinic,19.03.2025
907,11.03.2025,Nilganj Adaptation Clinic,Ghutabacha,Nilganj,Land preparaion of Kharif 1 vegetables,3-4 proper ploughing with Tricoderma and after this prepare bed,Adaptation clinic,21.03.2025
908,11.03.2025,Nilganj Adaptation Clinic,Khalilpur,Nilganj,Catterpillar attack on Sunflower leaves,Suggested to Apply Ripcord 10 EC @2ml/L water,Adaptation clinic,21.03.2025
909,11.03.2025,Nilganj Adaptation Clinic,Khalilpur,Nilganj,Catterpillar attack on Sunflower leaves,Suggested to Apply Ripcord 10 EC @2ml/L water,Adaptation clinic,21.03.2025
910,12.03.2025,Nilganj Adaptation Clinic,Neyamotour,Nilganj,Catterpillar attack on Sunflower leaves,Suggested to Apply Ripcord 10 EC @2ml/L water,Adaptation clinic,22.03.2025
911,12.03.2025,Nilganj Adaptation Clinic,Amirabad,Nilganj,Vegetables cultivation,3-4 proper ploughing with Tricoderma and after this prepare bed,Adaptation clinic,22.03.2025
912,13.03.2025,Nilganj Adaptation Clinic,Kumirmara,Nilganj,Vegetables cultivation,3-4 proper ploughing with Tricoderma and after this prepare bed,Adaptation clinic,23.03.2025
913,13.03.2025,Nilganj Adaptation Clinic,Goiatola,Nilganj,Fruit fly attack on Bottle gourd,Suggested to use Pheromone Trap and if attack is severe apply Cypermethrin,Adaptation clinic,23.03.2025
914,13.03.2025,Nilganj Adaptation Clinic,Sadarpur,Nilganj,Catterpillar attack on Sunflower leaves,Suggested to Apply Ripcord 10 EC @2ml/L water,Mobile Adaptation Clinic,23.03.2025
915,13.03.2025,Nilganj Adaptation Clinic,Sadarpur,Nilganj,Catterpillar attack on Sunflower leaves,Suggested to Apply Ripcord 10 EC @2ml/L water,Mobile Adaptation Clinic,23.03.2025
916,13.03.2025,Nilganj Adaptation Clinic,Sadarpur,Nilganj,Catterpillar attack on Sunflower leaves,Suggested to Apply Ripcord 10 EC @2ml/L water,Mobile Adaptation Clinic,23.03.2025
917,13.03.2025,Nilganj Adaptation Clinic,Sadarpur,Nilganj,Catterpillar attack on Sunflower leaves,Suggested to Apply Ripcord 10 EC @2ml/L water,Mobile Adaptation Clinic,23.03.2025
918,13.03.2025,Nilganj Adaptation Clinic,Sadarpur,Nilganj,Catterpillar attack on Sunflower leaves,Suggested to Apply Ripcord 10 EC @2ml/L water,Mobile Adaptation Clinic,23.03.2025
919,13.03.2025,Nilganj Adaptation Clinic,Sadarpur,Nilganj,Catterpillar attack on Sunflower leaves,Suggested to Apply Ripcord 10 EC @2ml/L water,Mobile Adaptation Clinic,23.03.2025
920,13.03.2025,Nilganj Adaptation Clinic,Sadarpur,Nilganj,Catterpillar attack on Sunflower leaves,Suggested to Apply Ripcord 10 EC @2ml/L water,Mobile Adaptation Clinic,23.03.2025
921,13.03.2025,Nilganj Adaptation Clinic,Sadarpur,Nilganj,Maize Cultivation,Suggested to apply Urea and Irrigation,Mobile Adaptation Clinic,23.03.2025
922,13.03.2025,Nilganj Adaptation Clinic,Sadarpur,Nilganj,Yellowing of Mungbean Planst,Suggested to apply Urea and Irrigation,Mobile Adaptation Clinic,23.03.2025
923,13.03.2025,Nilganj Adaptation Clinic,Sadarpur,Nilganj,Spices Cultivation,Supply proper irrigation to the plants,Mobile Adaptation Clinic,23.03.2025
924,13.03.2025,Nilganj Adaptation Clinic,Sadarpur,Nilganj,Catterpillar attack on Sunflower leaves,Suggested to Apply Ripcord 10 EC @2ml/L water,Mobile Adaptation Clinic,23.03.2025
925,16.03.2025,Nilganj Adaptation Clinic,Syedpur,Nilganj,Aging of Cucumber plants,Supply proper irrigation to the plants,Mobile Adaptation Clinic,26.03.2025
926,16.03.2025,Nilganj Adaptation Clinic,Syedpur,Nilganj,Aging of Cucumber plants,Supply proper irrigation to the plants,Mobile Adaptation Clinic,26.03.2025
927,16.03.2025,Nilganj Adaptation Clinic,Syedpur,Nilganj,Catterpillar attack on Sunflower leaves,Suggested to Apply Ripcord 10 EC @2ml/L water,Mobile Adaptation Clinic,26.03.2025
928,16.03.2025,Nilganj Adaptation Clinic,Syedpur,Nilganj,Catterpillar attack on Sunflower leaves,Suggested to Apply Ripcord 10 EC @2ml/L water,Mobile Adaptation Clinic,26.03.2025
929,16.03.2025,Nilganj Adaptation Clinic,Syedpur,Nilganj,Catterpillar attack on Sunflower leaves,Suggested to Apply Ripcord 10 EC @2ml/L water,Mobile Adaptation Clinic,26.03.2025
930,16.03.2025,Nilganj Adaptation Clinic,Syedpur,Nilganj,Catterpillar attack on Sunflower leaves,Suggested to Apply Ripcord 10 EC @2ml/L water,Mobile Adaptation Clinic,26.03.2025
931,16.03.2025,Nilganj Adaptation Clinic,Syedpur,Nilganj,Catterpillar attack on Sunflower leaves,Suggested to Apply Ripcord 10 EC @2ml/L water,Mobile Adaptation Clinic,26.03.2025
932,16.03.2025,Nilganj Adaptation Clinic,Syedpur,Nilganj,Fruit fly attack on Bottle gourd,Suggested to use Pheromone Trap and if attack is severe apply Cypermethrin,Mobile Adaptation Clinic,26.03.2025
933,16.03.2025,Nilganj Adaptation Clinic,Syedpur,Nilganj,Catterpillar attack on Sunflower leaves,Suggested to Apply Ripcord 10 EC @2ml/L water,Mobile Adaptation Clinic,26.03.2025
934,16.03.2025,Nilganj Adaptation Clinic,Syedpur,Nilganj,Catterpillar attack on Sunflower leaves,Suggested to Apply Ripcord 10 EC @2ml/L water,Mobile Adaptation Clinic,26.03.2025
935,17..03.2025,Nilganj Adaptation Clinic,Mostafapur,Nilganj,Vegetables cultivation,3-4 proper ploughing with Tricoderma and after this prepare bed,Adaptation clinic,27.03.2025
936,17..03.2025,Nilganj Adaptation Clinic,Pakhimara,Nilganj,Vegetables cultivation,3-4 proper ploughing with Tricoderma and after this prepare bed,Adaptation clinic,27.03.2025
937,19.03.2025,Nilganj Adaptation Clinic,Khalilpur,Nilganj,Catterpillar attack on Sunflower leaves,Suggested to Apply Ripcord 10 EC @2ml/L water,Mobile Adaptation Clinic,29.03.2025
938,19.03.2025,Nilganj Adaptation Clinic,Khalilpur,Nilganj,Catterpillar attack on Sunflower leaves,Suggested to Apply Ripcord 10 EC @2ml/L water,Mobile Adaptation Clinic,29.03.2025
939,19.03.2025,Nilganj Adaptation Clinic,Khalilpur,Nilganj,Catterpillar attack on Sunflower leaves,Suggested to Apply Ripcord 10 EC @2ml/L water,Mobile Adaptation Clinic,29.03.2025
940,19.03.2025,Nilganj Adaptation Clinic,Khalilpur,Nilganj,Catterpillar attack on Sunflower leaves,Suggested to Apply Ripcord 10 EC @2ml/L water,Mobile Adaptation Clinic,29.03.2025
941,19.03.2025,Nilganj Adaptation Clinic,Khalilpur,Nilganj,Catterpillar attack on Sunflower leaves,Suggested to Apply Ripcord 10 EC @2ml/L water,Mobile Adaptation Clinic,29.03.2025
942,19.03.2025,Nilganj Adaptation Clinic,Khalilpur,Nilganj,Catterpillar attack on Sunflower leaves,Suggested to Apply Ripcord 10 EC @2ml/L water,Mobile Adaptation Clinic,29.03.2025
943,19.03.2025,Nilganj Adaptation Clinic,Khalilpur,Nilganj,Catterpillar attack on Sunflower leaves,Suggested to Apply Ripcord 10 EC @2ml/L water,Mobile Adaptation Clinic,29.03.2025
944,19.03.2025,Nilganj Adaptation Clinic,Khalilpur,Nilganj,Catterpillar attack on Sunflower leaves,Suggested to Apply Ripcord 10 EC @2ml/L water,Mobile Adaptation Clinic,29.03.2025
945,19.03.2025,Nilganj Adaptation Clinic,Khalilpur,Nilganj,Catterpillar attack on Sunflower leaves,Suggested to Apply Ripcord 10 EC @2ml/L water,Mobile Adaptation Clinic,29.03.2025
946,19.03.2025,Nilganj Adaptation Clinic,Khalilpur,Nilganj,Catterpillar attack on Sunflower leaves,Suggested to Apply Ripcord 10 EC @2ml/L water,Mobile Adaptation Clinic,29.03.2025
947,20.03.2025,Nilganj Adaptation Clinic,Goiatola,Nilganj,Catterpillar attack on Sunflower leaves,Suggested to Apply Ripcord 10 EC @2ml/L water,Mobile Adaptation Clinic,30.03.2025
948,20.03.2025,Nilganj Adaptation Clinic,Goiatola,Nilganj,Catterpillar attack on Sunflower leaves,Suggested to Apply Ripcord 10 EC @2ml/L water,Mobile Adaptation Clinic,30.03.2025
949,20.03.2025,Nilganj Adaptation Clinic,Goiatola,Nilganj,Catterpillar attack on Sunflower leaves,Suggested to Apply Ripcord 10 EC @2ml/L water,Mobile Adaptation Clinic,30.03.2025
950,20.03.2025,Nilganj Adaptation Clinic,Goiatola,Nilganj,Catterpillar attack on Sunflower leaves,Suggested to Apply Ripcord 10 EC @2ml/L water,Mobile Adaptation Clinic,30.03.2025
951,20.03.2025,Nilganj Adaptation Clinic,Goiatola,Nilganj,Catterpillar attack on Sunflower leaves,Suggested to Apply Ripcord 10 EC @2ml/L water,Mobile Adaptation Clinic,30.03.2025
952,20.03.2025,Nilganj Adaptation Clinic,Goiatola,Nilganj,Catterpillar attack on Sunflower leaves,Suggested to Apply Ripcord 10 EC @2ml/L water,Mobile Adaptation Clinic,30.03.2025
953,20.03.2025,Nilganj Adaptation Clinic,Goiatola,Nilganj,Catterpillar attack on Sunflower leaves,Suggested to Apply Ripcord 10 EC @2ml/L water,Mobile Adaptation Clinic,30.03.2025
954,20.03.2025,Nilganj Adaptation Clinic,Goiatola,Nilganj,Catterpillar attack on Sunflower leaves,Suggested to Apply Ripcord 10 EC @2ml/L water,Mobile Adaptation Clinic,30.03.2025
955,20.03.2025,Nilganj Adaptation Clinic,Goiatola,Nilganj,Catterpillar attack on Sunflower leaves,Suggested to Apply Ripcord 10 EC @2ml/L water,Mobile Adaptation Clinic,30.03.2025
956,20.03.2025,Nilganj Adaptation Clinic,Mostafapur,Nilganj,Catterpillar attack on Sunflower leaves,Suggested to Apply Ripcord 10 EC @2ml/L water,Mobile Adaptation Clinic,30.03.2025
957,20.03.2025,Nilganj Adaptation Clinic,Mostafapur,Nilganj,Catterpillar attack on Sunflower leaves,Suggested to Apply Ripcord 10 EC @2ml/L water,Mobile Adaptation Clinic,30.03.2025
958,20.03.2025,Nilganj Adaptation Clinic,Mostafapur,Nilganj,Catterpillar attack on Sunflower leaves,Suggested to Apply Ripcord 10 EC @2ml/L water,Mobile Adaptation Clinic,30.03.2025
959,20.03.2025,Nilganj Adaptation Clinic,Mostafapur,Nilganj,Catterpillar attack on Sunflower leaves,Suggested to Apply Ripcord 10 EC @2ml/L water,Mobile Adaptation Clinic,30.03.2025
960,20.03.2025,Nilganj Adaptation Clinic,Mostafapur,Nilganj,Catterpillar attack on Sunflower leaves,Suggested to Apply Ripcord 10 EC @2ml/L water,Mobile Adaptation Clinic,30.03.2025
961,20.03.2025,Nilganj Adaptation Clinic,Mostafapur,Nilganj,Catterpillar attack on Sunflower leaves,Suggested to Apply Ripcord 10 EC @2ml/L water,Mobile Adaptation Clinic,30.03.2025
962,20.03.2025,Nilganj Adaptation Clinic,Mostafapur,Nilganj,Catterpillar attack on Sunflower leaves,Suggested to Apply Ripcord 10 EC @2ml/L water,Mobile Adaptation Clinic,30.03.2025
963,20.03.2025,Nilganj Adaptation Clinic,Mostafapur,Nilganj,Catterpillar attack on Sunflower leaves,Suggested to Apply Ripcord 10 EC @2ml/L water,Mobile Adaptation Clinic,30.03.2025
964,24.03.2025,Nilganj Adaptation Clinic,Haldibariya,Nilganj,Catterpillar attack on Sunflower leaves,Suggested to Apply Ripcord 10 EC @2ml/L water,Mobile Adaptation Clinic,03.04.2025
965,24.03.2025,Nilganj Adaptation Clinic,Haldibariya,Nilganj,Catterpillar attack on Sunflower leaves,Suggested to Apply Ripcord 10 EC @2ml/L water,Mobile Adaptation Clinic,03.04.2025
966,24.03.2025,Nilganj Adaptation Clinic,Haldibariya,Nilganj,Catterpillar attack on Sunflower leaves,Suggested to Apply Ripcord 10 EC @2ml/L water,Mobile Adaptation Clinic,03.04.2025
967,24.03.2025,Nilganj Adaptation Clinic,Haldibariya,Nilganj,Catterpillar attack on Sunflower leaves,Suggested to Apply Ripcord 10 EC @2ml/L water,Mobile Adaptation Clinic,03.04.2025
968,24.03.2025,Nilganj Adaptation Clinic,Haldibariya,Nilganj,Catterpillar attack on Sunflower leaves,Suggested to Apply Ripcord 10 EC @2ml/L water,Mobile Adaptation Clinic,03.04.2025
969,24.03.2025,Nilganj Adaptation Clinic,Haldibariya,Nilganj,Catterpillar attack on Sunflower leaves,Suggested to Apply Ripcord 10 EC @2ml/L water,Mobile Adaptation Clinic,03.04.2025
970,24.03.2025,Nilganj Adaptation Clinic,Haldibariya,Nilganj,Catterpillar attack on Sunflower leaves,Suggested to Apply Ripcord 10 EC @2ml/L water,Mobile Adaptation Clinic,03.04.2025
971,24.03.2025,Nilganj Adaptation Clinic,Haldibariya,Nilganj,Catterpillar attack on Sunflower leaves,Suggested to Apply Ripcord 10 EC @2ml/L water,Mobile Adaptation Clinic,03.04.2025
972,24.03.2025,Nilganj Adaptation Clinic,Haldibariya,Nilganj,Catterpillar attack on Sunflower leaves,Suggested to Apply Ripcord 10 EC @2ml/L water,Mobile Adaptation Clinic,03.04.2025
973,24.03.2025,Nilganj Adaptation Clinic,Haldibariya,Nilganj,Catterpillar attack on Sunflower leaves,Suggested to Apply Ripcord 10 EC @2ml/L water,Mobile Adaptation Clinic,03.04.2025
974,24.03.2025,Nilganj Adaptation Clinic,Haldibariya,Nilganj,Catterpillar attack on Sunflower leaves,Suggested to Apply Ripcord 10 EC @2ml/L water,Mobile Adaptation Clinic,03.04.2025
975,07.04.2025,Nilganj Adaptation Clinic,Neyamotour,Nilganj,Catterpillar attack on Sunflower leaves,Suggested to Apply Ripcord 10 EC @2ml/L water,Mobile Adaptation Clinic,17.04.2025
976,07.04.2025,Nilganj Adaptation Clinic,Neyamotour,Nilganj,Catterpillar attack on Sunflower leaves,Suggested to Apply Ripcord 10 EC @2ml/L water,Mobile Adaptation Clinic,17.04.2025
977,07.04.2025,Nilganj Adaptation Clinic,Neyamotour,Nilganj,Catterpillar attack on Sunflower leaves,Suggested to Apply Ripcord 10 EC @2ml/L water,Mobile Adaptation Clinic,17.04.2025
978,07.04.2025,Nilganj Adaptation Clinic,Neyamotour,Nilganj,Catterpillar attack on Sunflower leaves,Suggested to Apply Ripcord 10 EC @2ml/L water,Mobile Adaptation Clinic,17.04.2025
979,07.04.2025,Nilganj Adaptation Clinic,Neyamotour,Nilganj,Catterpillar attack on Sunflower leaves,Suggested to Apply Ripcord 10 EC @2ml/L water,Mobile Adaptation Clinic,17.04.2025
980,07.04.2025,Nilganj Adaptation Clinic,Neyamotour,Nilganj,Catterpillar attack on Sunflower leaves,Suggested to Apply Ripcord 10 EC @2ml/L water,Mobile Adaptation Clinic,17.04.2025
981,07.04.2025,Nilganj Adaptation Clinic,Neyamotour,Nilganj,Catterpillar attack on Sunflower leaves,Suggested to Apply Ripcord 10 EC @2ml/L water,Mobile Adaptation Clinic,17.04.2025
982,07.04.2025,Nilganj Adaptation Clinic,Neyamotour,Nilganj,Catterpillar attack on Sunflower leaves,Suggested to Apply Ripcord 10 EC @2ml/L water,Mobile Adaptation Clinic,17.04.2025
983,07.04.2025,Nilganj Adaptation Clinic,Neyamotour,Nilganj,Catterpillar attack on Sunflower leaves,Suggested to Apply Ripcord 10 EC @2ml/L water,Mobile Adaptation Clinic,17.04.2025
984,07.04.2025,Nilganj Adaptation Clinic,Neyamotour,Nilganj,Catterpillar attack on Sunflower leaves,Suggested to Apply Ripcord 10 EC @2ml/L water,Mobile Adaptation Clinic,17.04.2025
985,07.04.2025,Nilganj Adaptation Clinic,Neyamotour,Nilganj,Catterpillar attack on Sunflower leaves,Suggested to Apply Ripcord 10 EC @2ml/L water,Mobile Adaptation Clinic,17.04.2025
986,07.04.2025,Nilganj Adaptation Clinic,Neyamotour,Nilganj,Catterpillar attack on Sunflower leaves,Suggested to Apply Ripcord 10 EC @2ml/L water,Mobile Adaptation Clinic,17.04.2025
987,09.04.2025,Nilganj Adaptation Clinic,Neyamotour,Nilganj,Land preparaion of Kharif 1 vegetables,3-4 proper ploughing with Tricoderma and after this prepare bed,Adaptation clinic,19.04.2025
988,09.04.2025,Nilganj Adaptation Clinic,Mostafapur,Nilganj,Land preparaion of Kharif 1 vegetables,3-4 proper ploughing with Tricoderma and after this prepare bed,Adaptation clinic,19.04.2025
989,15.04.2025,Nilganj Adaptation Clinic,Kumirmara,Nilganj,Land preparaion of Kharif 1 vegetables,3-4 proper ploughing with Tricoderma and after this prepare bed,Adaptation clinic,25.04.2025
990,16.04.2025,Nilganj Adaptation Clinic,Kumirmara,Nilganj,Land preparaion of Kharif 1 vegetables,3-4 proper ploughing with Tricoderma and after this prepare bed,Adaptation clinic,26.04.2025
991,16.04.2025,Nilganj Adaptation Clinic,Dokkin Daulatpur,Nilganj,Land preparaion of Kharif 1 vegetables,3-4 proper ploughing with Tricoderma and after this prepare bed,Adaptation clinic,26.04.2025
992,17.04.2025,Nilganj Adaptation Clinic,Amirabad,Nilganj,Land preparaion of Kharif 1 vegetables,3-4 proper ploughing with Tricoderma and after this prepare bed,Land preparaion of Kharif 1 vegetables,3-4 proper ploughing with Tricoderma and after this prepare bed
993,22.04.2025,Nilganj Adaptation Clinic,Amirabad,Nilganj,Land preparaion of Kharif 1 vegetables,3-4 proper ploughing with Tricoderma and after this prepare bed,Adaptation clinic,02.05.2025
994,23.04.2025,Nilganj Adaptation Clinic,Amirabad,Nilganj,Fish culture,Supply water and feed,Adaptation clinic,03.05.2025
995,23.04.2025,Nilganj Adaptation Clinic,Khalilpur,Nilganj,Land preparaion of Kharif 1 vegetables,3-4 proper ploughing with Tricoderma and after this prepare bed,Adaptation clinic,03.05.2025
996,24.04.2025,Nilganj Adaptation Clinic,Khalilpur,Nilganj,Land preparaion of Kharif 1 vegetables,3-4 proper ploughing with Tricoderma and after this prepare bed,Adaptation clinic,04.05.2025
997,24.04.2025,Nilganj Adaptation Clinic,Kumirmara,Nilganj,Land preparaion of Kharif 1 vegetables,3-4 proper ploughing with Tricoderma and after this prepare bed,Adaptation clinic,04.05.2025
998,27.04.2025,Nilganj Adaptation Clinic,Goiatola,Nilganj,Land preparaion of Kharif 1 vegetables,3-4 proper ploughing with Tricoderma and after this prepare bed,Mobile Adaptation Clinic,7.05.2025
999,27.04.2025,Nilganj Adaptation Clinic,Goiatola,Nilganj,Land preparaion of Kharif 1 vegetables,3-4 proper ploughing with Tricoderma and after this prepare bed,Mobile Adaptation Clinic,7.05.2025
1000,27.04.2025,Nilganj Adaptation Clinic,Goiatola,Nilganj,Land preparaion of Kharif 1 vegetables,3-4 proper ploughing with Tricoderma and after this prepare bed,Mobile Adaptation Clinic,7.05.2025
1001,27.04.2025,Nilganj Adaptation Clinic,Goiatola,Nilganj,Land preparaion of Kharif 1 vegetables,3-4 proper ploughing with Tricoderma and after this prepare bed,Mobile Adaptation Clinic,7.05.2025
1002,27.04.2025,Nilganj Adaptation Clinic,Goiatola,Nilganj,Land preparaion of Kharif 1 vegetables,3-4 proper ploughing with Tricoderma and after this prepare bed,Mobile Adaptation Clinic,7.05.2025
1003,27.04.2025,Nilganj Adaptation Clinic,Goiatola,Nilganj,Land preparaion of Kharif 1 vegetables,3-4 proper ploughing with Tricoderma and after this prepare bed,Mobile Adaptation Clinic,7.05.2025
1004,27.04.2025,Nilganj Adaptation Clinic,Goiatola,Nilganj,Land preparaion of Kharif 1 vegetables,3-4 proper ploughing with Tricoderma and after this prepare bed,Mobile Adaptation Clinic,7.05.2025
1005,27.04.2025,Nilganj Adaptation Clinic,Goiatola,Nilganj,Land preparaion of Kharif 1 vegetables,3-4 proper ploughing with Tricoderma and after this prepare bed,Mobile Adaptation Clinic,7.05.2025
1006,27.04.2025,Nilganj Adaptation Clinic,Goiatola,Nilganj,Land preparaion of Kharif 1 vegetables,3-4 proper ploughing with Tricoderma and after this prepare bed,Mobile Adaptation Clinic,7.05.2025
1007,27.04.2025,Nilganj Adaptation Clinic,Goiatola,Nilganj,Land preparaion of Kharif 1 vegetables,3-4 proper ploughing with Tricoderma and after this prepare bed,Mobile Adaptation Clinic,7.05.2025
1008,30.04.2025,Nilganj Adaptation Clinic,Mostafapur,Nilganj,Land preparaion of Kharif 1 vegetables,3-4 proper ploughing with Tricoderma and after this prepare bed,Mobile Adaptation Clinic,10.05.2025
1009,30.04.2025,Nilganj Adaptation Clinic,Mostafapur,Nilganj,Land preparaion of Kharif 1 vegetables,3-4 proper ploughing with Tricoderma and after this prepare bed,Mobile Adaptation Clinic,10.05.2025
1010,30.04.2025,Nilganj Adaptation Clinic,Mostafapur,Nilganj,Land preparaion of Kharif 1 vegetables,3-4 proper ploughing with Tricoderma and after this prepare bed,Mobile Adaptation Clinic,10.05.2025
1011,30.04.2025,Nilganj Adaptation Clinic,Mostafapur,Nilganj,Land preparaion of Kharif 1 vegetables,3-4 proper ploughing with Tricoderma and after this prepare bed,Mobile Adaptation Clinic,10.05.2025
1012,30.04.2025,Nilganj Adaptation Clinic,Mostafapur,Nilganj,Land preparaion of Kharif 1 vegetables,3-4 proper ploughing with Tricoderma and after this prepare bed,Mobile Adaptation Clinic,10.05.2025
1013,30.04.2025,Nilganj Adaptation Clinic,Mostafapur,Nilganj,Land preparaion of Kharif 1 vegetables,3-4 proper ploughing with Tricoderma and after this prepare bed,Mobile Adaptation Clinic,10.05.2025
1014,30.04.2025,Nilganj Adaptation Clinic,Mostafapur,Nilganj,Land preparaion of Kharif 1 vegetables,3-4 proper ploughing with Tricoderma and after this prepare bed,Mobile Adaptation Clinic,10.05.2025
1015,30.04.2025,Nilganj Adaptation Clinic,Mostafapur,Nilganj,Land preparaion of Kharif 1 vegetables,3-4 proper ploughing with Tricoderma and after this prepare bed,Mobile Adaptation Clinic,10.05.2025
1016,30.04.2025,Nilganj Adaptation Clinic,Mostafapur,Nilganj,Land preparaion of Kharif 1 vegetables,3-4 proper ploughing with Tricoderma and after this prepare bed,Mobile Adaptation Clinic,10.05.2025
1017,30.04.2025,Nilganj Adaptation Clinic,Mostafapur,Nilganj,Land preparaion of Kharif 1 vegetables,3-4 proper ploughing with Tricoderma and after this prepare bed,Mobile Adaptation Clinic,10.05.2025
1018,30.04.2025,Nilganj Adaptation Clinic,Mostafapur,Nilganj,Land preparaion of Kharif 1 vegetables,3-4 proper ploughing with Tricoderma and after this prepare bed,Mobile Adaptation Clinic,10.05.2025
1019,30.04.2025,Nilganj Adaptation Clinic,Mostafapur,Nilganj,Land preparaion of Kharif 1 vegetables,3-4 proper ploughing with Tricoderma and after this prepare bed,Mobile Adaptation Clinic,10.05.2025
1020,30.04.2025,Nilganj Adaptation Clinic,Mostafapur,Nilganj,Land preparaion of Kharif 1 vegetables,3-4 proper ploughing with Tricoderma and after this prepare bed,Mobile Adaptation Clinic,10.05.2025
1021,05.05.2025,Nilganj Adaptation Clinic,Neyamotour,Nilganj,Land preparaion of Kharif 1 vegetables,3-4 proper ploughing with Tricoderma and after this prepare bed,Adaptation clinic,15.05.2025
1022,05.05.2025,Nilganj Adaptation Clinic,Sadarpur,Nilganj,Land preparaion of Kharif 1 vegetables,3-4 proper ploughing with Tricoderma and after this prepare bed,Adaptation clinic,15.05.2025
1023,07.05.2025,Nilganj Adaptation Clinic,Amirabad,Nilganj,Land preparaion of Kharif 1 vegetables,3-4 proper ploughing with Tricoderma and after this prepare bed,Adaptation clinic,17.05.2025
1024,08.05.2025,Nilganj Adaptation Clinic,Hajipur,Nilganj,Leaf Curl of Chilli,Suggested to use yellow sticky trap and in severe case spray Imidaclorpid,Adaptation clinic,18.05.2025
1025,08.05.2026,Nilganj Adaptation Clinic,Syedpur,Nilganj,Land preparaion of Kharif 1 vegetables,3-4 proper ploughing with Tricoderma and after this prepare bed,Adaptation clinic,18.05.2025
1026,12.05.2025,Nilganj Adaptation Clinic,Kumirmara,Nilganj,Land preparaion of Kharif 1 vegetables,3-4 proper ploughing with Tricoderma and after this prepare bed,Adaptation clinic,22.05.2025
1027,12.05.2025,Nilganj Adaptation Clinic,Kumirmara,Nilganj,Land preparaion of Kharif 1 vegetables,3-4 proper ploughing with Tricoderma and after this prepare bed,Adaptation clinic,22.05.2025
1028,13.05.2025,Nilganj Adaptation Clinic,Amirabad,Nilganj,Land preparaion of Kharif 1 vegetables,3-4 proper ploughing with Tricoderma and after this prepare bed,Adaptation clinic,23.05.2025
1029,13.05.2025,Nilganj Adaptation Clinic,Amirabad,Nilganj,Vegetable cultivation,Watering the seedling regularly,Adaptation clinic,23.05.2025
1030,14..5.2025,Nilganj Adaptation Clinic,Kumirmara,Nilganj,Vegetable cultivation,Watering the seedling regularly,Adaptation clinic,24.05.2025
1031,18.05.2025,Nilganj Adaptation Clinic,Goiatola,Nilganj,Vegetable cultivation,Spray Solubor Boron @ 1.5 gm/l and watering regularly,Adaptation clinic,28.05.2025
1032,20.05.2025,Nilganj Adaptation Clinic,Sadarpur,Nilganj,Vegetable cultivation,Use yellow sticky trap and supply irrigation,Adaptation clinic,30.05.2025
1033,20.05.2025,Nilganj Adaptation Clinic,Syedpur,Nilganj,Vegetable cultivation,Use yellow sticky trap and supply irrigation,Adaptation clinic,20.05.2025
1034,22.05.2025,Nilganj Adaptation Clinic,Amirabad,Nilganj,Vegetable Cultivation,"Use yellow sticky trap,supply irrigation and make trellis",Adaptation clinic,02.06.2025
1035,22.05.2025,Nilganj Adaptation Clinic,Amirabad,Nilganj,Vegetable Cultivation,Suggested to make trellis as early as possible,Adaptation Clinic,02.06.2025
1036,03.06.2025,Nilganj Adaptation Clinic,Mostafapur,Nilganj,Root rot of Bitter gourd,Suggested to apply Dry as h aaaaaaaaand s pray copperoxychloride group of fungicide 1ml/liter,Mobile Adaptation Clinic,15.06.2023
1037,03.06.2025,Nilganj Adaptation Clinic,Mostafapur,Nilganj,Root rot of Bitter gourd,Suggested to apply Dry as h aaaaaaaaand s pray copperoxychloride group of fungicide 1ml/liter,Mobile Adaptation Clinic,15.06.2023
1038,03.06.2025,Nilganj Adaptation Clinic,Mostafapur,Nilganj,Leaf Curl of Chilli,Spray soap water or neem seed soaked water and also suggested to aply Imidacloprid 1ml/liter,Mobile Adaptation Clinic,15.06.2023
1039,03.06.2025,Nilganj Adaptation Clinic,Mostafapur,Nilganj,Leaf Curl of Chilli,Spray soap water or neem seed soaked water and also suggested to aply Imidacloprid 1ml/liter,Mobile Adaptation Clinic,15.06.2023
1040,03.06.2025,Nilganj Adaptation Clinic,Mostafapur,Nilganj,Leaf Curl of Chilli,Spray soap water or neem seed soaked water and also suggested to aply Imidacloprid 1ml/liter,Mobile Adaptation Clinic,15.06.2023
1041,03.06.2025,Nilganj Adaptation Clinic,Motafapur,Nilganj,"Land preparation, Soil and Seed treatment of Kharif 2 SeaSon","SuggeSted to follow mada, raiSe bed method and apply Trichoderma 2kg/ bigha for Soil treatment",Mobile Adaptation Clinic,15.06.2023
1042,03.06.2025,Nilganj Adaptation Clinic,Mostafapur,Nilganj,"Land preparation, Soil and Seed treatment of Kharif 2 SeaSon","SuggeSted to follow mada, raiSe bed method and apply Trichoderma 2kg/ bigha for Soil treatment",Mobile Adaptation Clinic,15.06.2023
1043,03.06.2025,Nilganj Adaptation Clinic,Mostafapur,Nilganj,"Land preparation, Soil and Seed treatment of Kharif 2 SeaSon","SuggeSted to follow mada, raiSe bed method and apply Trichoderma 2kg/ bigha for Soil treatment",Mobile Adaptation Clinic,15.06.2023
1044,03.06.2025,Nilganj Adaptation Clinic,Mostafapur,Nilganj,"Land preparation, Soil and Seed treatment of Kharif 2 SeaSon","SuggeSted to follow mada, raiSe bed method and apply Trichoderma 2kg/ bigha for Soil treatment",Mobile Adaptation Clinic,15.06.2023
1045,03.06.2025,Nilganj Adaptation Clinic,Mostafapur,Nilganj,"Land preparation, Soil and Seed treatment of Kharif 2 SeaSon","SuggeSted to follow mada, raiSe bed method and apply Trichoderma 2kg/ bigha for Soil treatment",Mobile Adaptation Clinic,15.06.2023
1046,03.06.2025,Nilganj Adaptation Clinic,Mostafapur,Nilganj,"Land preparation, Soil and Seed treatment of Kharif 2 SeaSon","SuggeSted to follow mada, raiSe bed method and apply Trichoderma 2kg/ bigha for Soil treatment",Mobile Adaptation Clinic,15.06.2023
1047,03.06.2025,Nilganj Adaptation Clinic,Mostafapur,Nilganj,"Land preparation, Soil and Seed treatment of Kharif 2 SeaSon","SuggeSted to follow mada, raiSe bed method and apply Trichoderma 2kg/ bigha for Soil treatment",Mobile Adaptation Clinic,16.06.25
1048,03.06.2025,Nilganj Adaptation Clinic,Mostafapur,Nilganj,"Land preparation, Soil and Seed treatment of Kharif 2 SeaSon","SuggeSted to follow mada, raiSe bed method and apply Trichoderma 2kg/ bigha for Soil treatment",Mobile Adaptation Clinic,16.06.25
1049,03.06.2025,Nilganj Adaptation Clinic,Mostafapur,Nilganj,"Land preparation, Soil and Seed treatment of Kharif 2 SeaSon","SuggeSted to follow mada, raiSe bed method and apply Trichoderma 2kg/ bigha for Soil treatment",Mobile Adaptation Clinic,16.06.25
1050,03.06.2025,Nilganj Adaptation Clinic,Mostafapur,Nilganj,"Land preparation, Soil and Seed treatment of Kharif 2 SeaSon","SuggeSted to follow mada, raiSe bed method and apply Trichoderma 2kg/ bigha for Soil treatment",Mobile Adaptation Clinic,16.06.25
1051,03.06.2025,Nilganj Adaptation Clinic,Mostafapur,Nilganj,Root rot of Bitter gourd,Suggested to apply Dry as h aaaaaaaaand s pray copperoxychloride group of fungicide 1ml/liter,Mobile Adaptation Clinic,16.06.25
1052,03.06.2025,Nilganj Adaptation Clinic,Mostafapur,Nilganj,Leaf Curl of Chilli,Spray soap water or neem seed soaked water and also suggested to aply Imidacloprid 1ml/liter,Mobile Adaptation Clinic,16.06.25
1053,03.06.2025,Nilganj Adaptation Clinic,Mostafapur,Nilganj,Leaf Curl of Chilli,Spray soap water or neem seed soaked water and also suggested to aply Imidacloprid 1ml/liter,Mobile Adaptation Clinic,16.06.25
1054,03.06.2025,Nilganj Adaptation Clinic,Mostafapur,Nilganj,Leaf Curl of Chilli,Spray soap water or neem seed soaked water and also suggested to aply Imidacloprid 1ml/liter,Mobile Adaptation Clinic,16.06.25
1055,03.06.2025,Nilganj Adaptation Clinic,Mostafapur,Nilganj,Root rot of Bitter gourd,Suggested to apply Dry as h aaaaaaaaand s pray copperoxychloride group of fungicide 1ml/liter,Mobile Adaptation Clinic,16.06.25
1056,03.06.2025,Nilganj Adaptation Clinic,Mostafapur,Nilganj,Root rot of Bitter gourd,Suggested to apply Dry as h aaaaaaaaand s pray copperoxychloride group of fungicide 1ml/liter,Mobile Adaptation Clinic,16.06.25
1057,03.06.2025,Nilganj Adaptation Clinic,Mostafapur,Nilganj,Root rot of Bitter gourd,Suggested to apply Dry as h aaaaaaaaand s pray copperoxychloride group of fungicide 1ml/liter,Mobile Adaptation Clinic,16.06.25
1058,03.06.2025,Nilganj Adaptation Clinic,Mostafapur,Nilganj,Root rot of Bitter gourd,Suggested to apply Dry as h aaaaaaaaand s pray copperoxychloride group of fungicide 1ml/liter,Mobile Adaptation Clinic,16.06.25
1059,03.06.2025,Nilganj Adaptation Clinic,Mostafapur,Nilganj,"Land preparation, Soil and Seed treatment of Kharif 2 SeaSon","SuggeSted to follow mada, raiSe bed method and apply Trichoderma 2kg/ bigha for Soil treatment",Mobile Adaptation Clinic,16.06.25
1060,03.06.2025,Nilganj Adaptation Clinic,Mostafapur,Nilganj,"Land preparation, Soil and Seed treatment of Kharif 2 SeaSon","SuggeSted to follow mada, raiSe bed method and apply Trichoderma 2kg/ bigha for Soil treatment",Mobile Adaptation Clinic,16.06.25
1061,03.06.2025,Nilganj Adaptation Clinic,Mostafapur,Nilganj,"Land preparation, Soil and Seed treatment of Kharif 2 SeaSon","SuggeSted to follow mada, raiSe bed method and apply Trichoderma 2kg/ bigha for Soil treatment",Mobile Adaptation Clinic,16.06.25
1062,03.06.2025,Nilganj Adaptation Clinic,Mostafapur,Nilganj,"Land preparation, Soil and Seed treatment of Kharif 2 SeaSon","SuggeSted to follow mada, raiSe bed method and apply Trichoderma 2kg/ bigha for Soil treatment",Mobile Adaptation Clinic,16.06.25
1063,03.06.2025,Nilganj Adaptation Clinic,Mostafapur,Nilganj,"Land preparation, Soil and Seed treatment of Kharif 2 SeaSon","SuggeSted to follow mada, raiSe bed method and apply Trichoderma 2kg/ bigha for Soil treatment",Mobile Adaptation Clinic,17.06.2025
1064,03.06.2025,Nilganj Adaptation Clinic,Mostafapur,Nilganj,"Land preparation, Soil and Seed treatment of Kharif 2 SeaSon","SuggeSted to follow mada, raiSe bed method and apply Trichoderma 2kg/ bigha for Soil treatment",Mobile Adaptation Clinic,17.06.2025
1065,03.06.2025,Nilganj Adaptation Clinic,Mostafapur,Nilganj,"Land preparation, Soil and Seed treatment of Kharif 2 SeaSon","SuggeSted to follow mada, raiSe bed method and apply Trichoderma 2kg/ bigha for Soil treatment",Mobile Adaptation Clinic,17.06.2025
1066,16.06.2025,Nilganj Adaptation Clinic,Goiatola,Nilganj,Leaf Curl of Bitter gourd,Spray soap water or neem seed soaked water and also suggested to aply Imidacloprid 1ml/liter,Mobile Adaptation Clinic,25.06.2025
1067,16.06.2025,Nilganj Adaptation Clinic,Goiatola,Nilganj,Fruit fly attack on Bitter gourd,Suggested to use Pheromone Trap and if attack is severe apply Cypermethrin 1ml/ liter,Mobile Adaptation Clinic,25.06.2025
1068,16.06.2025,Nilganj Adaptation Clinic,Goiatola,Nilganj,Root rot of Bitter gourd,Suggested to apply Dry as h aaaaaaaaand s pray copperoxychloride group of fungicide 1ml/liter,Mobile Adaptation Clinic,25.06.2025
1069,16.06.2025,Nilganj Adaptation Clinic,Goiatola,Nilganj,Leaf Curl of Bitter gourd,Spray soap water or neem seed soaked water and also suggested to aply Imidacloprid 1ml/liter,Mobile Adaptation Clinic,25.06.2025
1070,16.06.2025,Nilganj Adaptation Clinic,Goiatola,Nilganj,Root rot of Bitter gourd,Suggested to apply Dry as h aaaaaaaaand s pray copperoxychloride group of fungicide 1ml/liter,Mobile Adaptation Clinic,25.06.2025
1071,16.06.2025,Nilganj Adaptation Clinic,Goiatola,Nilganj,Fruit fly attack on Bitter gourd,Suggested to use Pheromone Trap and if attack is severe apply Cypermethrin 1ml/ liter,Mobile Adaptation Clinic,24.06.2025
1072,16.06.2025,Nilganj Adaptation Clinic,Goiatola,Nilganj,Fruit fly attack on Bitter gourd,Suggested to use Pheromone Trap and if attack is severe apply Cypermethrin 1ml/ liter,Mobile Adaptation Clinic,25.06.2025
1073,16.06.2025,Nilganj Adaptation Clinic,Goiatola,Nilganj,Leaf Curl of Bitter gourd,Spray soap water or neem seed soaked water and also suggested to aply Imidacloprid 1ml/liter,Mobile Adaptation Clinic,24.06.2025
1074,16.06.2025,Nilganj Adaptation Clinic,Goiatola,Nilganj,Root rot of Bitter gourd,Suggested to apply Dry as h aaaaaaaaand s pray copperoxychloride group of fungicide 1ml/liter,Mobile Adaptation Clinic,24.06.2025
1075,16.06.2025,Nilganj Adaptation Clinic,Goiatola,Nilganj,Leaf Curl of Bitter gourd,Spray soap water or neem seed soaked water and also suggested to aply Imidacloprid 1ml/liter,Mobile Adaptation Clinic,24.06.2025
1076,16.06.2025,Nilganj Adaptation Clinic,Goiatola,Nilganj,Leaf Curl of Bitter gourd,Spray soap water or neem seed soaked water and also suggested to aply Imidacloprid 1ml/liter,Mobile Adaptation Clinic,24.06.2025
1077,16.06.2025,Nilganj Adaptation Clinic,Goiatola,Nilganj,Root rot of Bitter gourd,Suggested to apply Dry as h aaaaaaaaand s pray copperoxychloride group of fungicide 1ml/liter,Mobile Adaptation Clinic,24.06.2025
1078,16.06.2025,Nilganj Adaptation Clinic,Goiatola,Nilganj,Fruit fly attack on Bitter gourd,Suggested to use Pheromone Trap and if attack is severe apply Cypermethrin 1ml/ liter,Mobile Adaptation Clinic,24.06.2025
1079,16.06.2025,Nilganj Adaptation Clinic,Goiatola,Nilganj,Leaf Curl of Bitter gourd,Spray soap water or neem seed soaked water and also suggested to aply Imidacloprid 1ml/liter,Mobile Adaptation Clinic,24.06.2025
1080,16.06.2025,Nilganj Adaptation Clinic,Goiatola,Nilganj,Fruit fly attack on Bitter gourd,Suggested to use Pheromone Trap and if attack is severe apply Cypermethrin 1ml/ liter,Mobile Adaptation Clinic,24.06.2025
1081,17.06.2025,Nilganj Adaptation Clinic,Kholilpur,Nilganj,Leaf Curl of Bitter gourd,Spray soap water or neem seed soaked water and also suggested to aply Imidacloprid 1ml/liter,Adaptation Clinic,22.06.2025
1082,17.06.2025,Nilganj Adaptation Clinic,Amirabad,Nilganj,Leaf Curl of Bitter gourd,Spray soap water or neem seed soaked water and also suggested to aply Imidacloprid 1ml/liter,Mobile Adaptation Clinic,29.06.2025
1083,17.06.2025,Nilganj Adaptation Clinic,Amirabad,Nilganj,Fruit fly attack on Bitter gourd,Suggested to use Pheromone Trap 12 pcs/ bigha. and if attack is severe apply Cypermethrin 1ml/ liter.,Mobile Adaptation Clinic,29.06.2025
1084,17.06.2025,Nilganj Adaptation Clinic,Amirabad,Nilganj,Root rot of Bitter gourd,Suggested to apply Dry as h aaaaaaaaand s pray copperoxychloride group of fungicide 1ml/liter,Mobile Adaptation Clinic,29.06.2025
1085,17.06.2025,Nilganj Adaptation Clinic,Amirabad,Nilganj,Leaf Curl of Bitter gourd,Spray soap water or neem seed soaked water and also suggested to aply Imidacloprid 1ml/liter,Mobile Adaptation Clinic,29.06.2025
1086,17.06.2025,Nilganj Adaptation Clinic,Amirabad,Nilganj,Root rot of Bitter gourd,Suggested to apply Dry as h aaaaaaaaand s pray copperoxychloride group of fungicide 1ml/liter,Mobile Adaptation Clinic,29.06.2025
1087,17.06.2025,Nilganj Adaptation Clinic,Amirabad,Nilganj,Fruit fly attack on Bitter gourd,Suggested to use Pheromone Trap 12 pcs/ bigha. and if attack is severe apply Cypermethrin 1ml/ liter.,Mobile Adaptation Clinic,29.06.2025
1088,17.06.2025,Nilganj Adaptation Clinic,Amirabad,Nilganj,Root rot of Bitter gourd,Suggested to apply Dry as h aaaaaaaaand s pray copperoxychloride group of fungicide 1ml/liter,Mobile Adaptation Clinic,29.06.2025
1089,17.06.2025,Nilganj Adaptation Clinic,Amirabad,Nilganj,Fruit fly attack on Bitter gourd,Suggested to use Pheromone Trap 12 pcs/ bigha. and if attack is severe apply Cypermethrin 1ml/ liter.,Mobile Adaptation Clinic,30.06.2025
1090,17.06.2025,Nilganj Adaptation Clinic,Amirabad,Nilganj,Root rot of Bitter gourd,Suggested to apply Dry as h aaaaaaaaand s pray copperoxychloride group of fungicide 1ml/liter,Mobile Adaptation Clinic,30.06.2025
1091,17.06.2025,Nilganj Adaptation Clinic,Amirabad,Nilganj,Fruit fly attack on Bitter gourd,Suggested to use Pheromone Trap 12 pcs/ bigha. and if attack is severe apply Cypermethrin 1ml/ liter.,Mobile Adaptation Clinic,30.06.2025
1092,17.06.2025,Nilganj Adaptation Clinic,Amirabad,Nilganj,Fruit fly attack on Bitter gourd,Suggested to use Pheromone Trap 12 pcs/ bigha. and if attack is severe apply Cypermethrin 1ml/ liter.,Mobile Adaptation Clinic,30.06.2025
1093,17.06.2025,Nilganj Adaptation Clinic,Rosnabad,Nilganj,,,Mobile Adaptation Clinic,30.06.2025
1094,17.06.2025,Nilganj Adaptation Clinic,Rosnabad,Nilganj,Fruit fly attack on Bitter gourd,Suggested to use Pheromone Trap 12 pcs/ bigha. and if attack is severe apply Cypermethrin 1ml/ liter.,Mobile Adaptation Clinic,30.06.2025
1095,17.06.2025,Nilganj Adaptation Clinic,Rosnabad,Nilganj,Root rot of Bitter gourd,Suggested to apply Dry as h aaaaaaaaand s pray copperoxychloride group of fungicide 1ml/liter,Mobile Adaptation Clinic,30.06.2025
1096,17.06.2025,Nilganj Adaptation Clinic,Rosnabad,Nilganj,Root rot of Bitter gourd,Suggested to apply Dry as h aaaaaaaaand s pray copperoxychloride group of fungicide 1ml/liter,Mobile Adaptation Clinic,30.06.2025
1097,17.06.2025,Nilganj Adaptation Clinic,Rosnabad,Nilganj,Leaf Curl of Bitter gourd,Spray soap water or neem seed soaked water and also suggested to aply Imidacloprid 1ml/liter,Mobile Adaptation Clinic,30.06.2025
1098,17.06.2025,Nilganj Adaptation Clinic,Rosnabad,Nilganj,Root rot of Bitter gourd,Suggested to apply Dry as h aaaaaaaaand s pray copperoxychloride group of fungicide 1ml/liter,Mobile Adaptation Clinic,30.06.2025
1099,17.06.2025,Nilganj Adaptation Clinic,Rosnabad,Nilganj,Fruit fly attack on Bitter gourd,Suggested to use Pheromone Trap 12 pcs/ bigha. and if attack is severe apply Cypermethrin 1ml/ liter.,Mobile Adaptation Clinic,30.06.2025
1100,17.06.2025,Nilganj Adaptation Clinic,Rosnabad,Nilganj,Fruit fly attack on Bitter gourd,Suggested to use Pheromone Trap 12 pcs/ bigha. and if attack is severe apply Cypermethrin 1ml/ liter.,Mobile Adaptation Clinic,30.06.2025
1101,17.06.2025,Nilganj Adaptation Clinic,Rosnabad,Nilganj,Fruit fly attack on Bitter gourd,Suggested to use Pheromone Trap 12 pcs/ bigha. and if attack is severe apply Cypermethrin 1ml/ liter.,Mobile Adaptation Clinic,30.06.2025
1102,17.06.2025,Nilganj Adaptation Clinic,Rosnabad,Nilganj,Fruit fly attack on Bitter gourd,Suggested to use Pheromone Trap 12 pcs/ bigha. and if attack is severe apply Cypermethrin 1ml/ liter.,Mobile Adaptation Clinic,30.06.2025
1103,17.06.2025,Nilganj Adaptation Clinic,Rosnabad,Nilganj,Root rot of Bitter gourd,Suggested to apply Dry as h aaaaaaaaand s pray copperoxychloride group of fungicide 1ml/liter,Mobile Adaptation Clinic,30.06.2025
1104,17.06.2025,Nilganj Adaptation Clinic,Rosnabad,Nilganj,Root rot of Bitter gourd,Suggested to apply Dry as h aaaaaaaaand s pray copperoxychloride group of fungicide 1ml/liter,Mobile Adaptation Clinic,30.06.2025
1105,17.06.2025,Nilganj Adaptation Clinic,Kumirmara,Nilganj,Fruit fly attack on Ridge gourd,Suggested to use Pheromone Trap 12 pcs/ bigha. and if attack is severe apply Cypermethrin 1ml/ liter.,Mobile Adaptation Clinic,29.06.2025
1106,17.06.2025,Nilganj Adaptation Clinic,Kumirmara,Nilganj,Fruit fly attack on Bitter gourd,Suggested to use Pheromone Trap 12 pcs/ bigha. and if attack is severe apply Cypermethrin 1ml/ liter.,Mobile Adaptation Clinic,29.06.2025
1107,17.06.2025,Nilganj Adaptation Clinic,Kumirmara,Nilganj,Root rot of Bitter gourd,Suggested to apply Dry as h aaaaaaaaand s pray copperoxychloride group of fungicide 1ml/liter,Mobile Adaptation Clinic,29.06.2025
1108,17.06.2025,Nilganj Adaptation Clinic,Kumirmara,Nilganj,Fruit fly attack on  sponge gourd,Suggested to use Pheromone Trap 12 pcs/ bigha. and if attack is severe apply Cypermethrin 1ml/ liter.,Mobile Adaptation Clinic,29.06.2025
1109,17.06.2025,Nilganj Adaptation Clinic,Kumirmara,Nilganj,Fruit fly attack on Ridge gourd,Suggested to use Pheromone Trap 12 pcs/ bigha. and if attack is severe apply Cypermethrin 1ml/ liter.,Mobile Adaptation Clinic,29.06.2025
1110,17.06.2025,Nilganj Adaptation Clinic,Kumirmara,Nilganj,Root rot of Bitter gourd,Suggested to apply Dry as h aaaaaaaaand s pray copperoxychloride group of fungicide 1ml/liter,Mobile Adaptation Clinic,29.06.2025
1111,17.06.2025,Nilganj Adaptation Clinic,Kumirmara,Nilganj,Root rot of Bitter gourd,Suggested to apply Dry as h aaaaaaaaand s pray copperoxychloride group of fungicide 1ml/liter,Mobile Adaptation Clinic,29.06.2025
1112,17.06.2025,Nilganj Adaptation Clinic,Kumirmara,Nilganj,Fruit fly attack on Ridge gourd,Suggested to use Pheromone Trap 12 pcs/ bigha. and if attack is severe apply Cypermethrin 1ml/ liter.,Mobile Adaptation Clinic,29.06.2025
1113,17.06.2025,Nilganj Adaptation Clinic,Kumirmara,Nilganj,Fruit fly attack on  sponge gourd,Suggested to use Pheromone Trap 12 pcs/ bigha. and if attack is severe apply Cypermethrin 1ml/ liter.,Mobile Adaptation Clinic,29.06.2025
1114,17.06.2025,Nilganj Adaptation Clinic,Kumirmara,Nilganj,Root rot of Bitter gourd,Suggested to apply Dry as h aaaaaaaaand s pray copperoxychloride group of fungicide 1ml/liter,Mobile Adaptation Clinic,29.06.2025
1115,17.06.2025,Nilganj Adaptation Clinic,Kumirmara,Nilganj,Fruit fly attack on Ridge gourd,Suggested to use Pheromone Trap 12 pcs/ bigha. and if attack is severe apply Cypermethrin 1ml/ liter.,Mobile Adaptation Clinic,29.06.2025
1116,19.06.2025,Nilganj Adaptation Clinic,Kumirmara,Nilganj,Fruit fly attack on Ridge gourd,Suggested to use Pheromone Trap 12 pcs/ bigha. and if attack is severe apply Cypermethrin 1ml/ liter.,Mobile Adaptation Clinic,26.06.2023
1117,19.06.2025,Nilganj Adaptation Clinic,Kumirmara,Nilganj,Root rot of Bitter gourd,Suggested to apply Dry as h aaaaaaaaand s pray copperoxychloride group of fungicide 1ml/liter,Mobile Adaptation Clinic,26.06.2023
1118,19.06.2025,Nilganj Adaptation Clinic,Kumirmara,Nilganj,Fruit fly attack on  sponge gourd,Suggested to use Pheromone Trap 12 pcs/ bigha. and if attack is severe apply Cypermethrin 1ml/ liter.,Mobile Adaptation Clinic,26.06.2023
1119,19.06.2025,Nilganj Adaptation Clinic,Kumirmara,Nilganj,Fruit fly attack on  snake gourd,Suggested to use Pheromone Trap 12 pcs/ bigha. and if attack is severe apply Cypermethrin 1ml/ liter.,Mobile Adaptation Clinic,26.06.2023
1120,19.06.2025,Nilganj Adaptation Clinic,Kumirmara,Nilganj,Root rot of Bitter gourd,Suggested to apply Dry as h aaaaaaaaand s pray copperoxychloride group of fungicide 1ml/liter,Mobile Adaptation Clinic,26.06.2023
1121,19.06.2025,Nilganj Adaptation Clinic,Kumirmara,Nilganj,Root rot of Bitter gourd,Suggested to apply Dry as h aaaaaaaaand s pray copperoxychloride group of fungicide 1ml/liter,Mobile Adaptation Clinic,26.06.2023
1122,19.06.2025,Nilganj Adaptation Clinic,Kumirmara,Nilganj,Fruit fly attack on Ridge gourd,Suggested to use Pheromone Trap 12 pcs/ bigha. and if attack is severe apply Cypermethrin 1ml/ liter.,Mobile Adaptation Clinic,26.06.2023
1123,19.06.2025,Nilganj Adaptation Clinic,Kumirmara,Nilganj,Fruit fly attack on  sponge gourd,Suggested to use Pheromone Trap 12 pcs/ bigha. and if attack is severe apply Cypermethrin 1ml/ liter.,Mobile Adaptation Clinic,26.06.2023
1124,19.06.2025,Nilganj Adaptation Clinic,Kumirmara,Nilganj,Fruit fly attack on  snake gourd,Suggested to use Pheromone Trap 12 pcs/ bigha. and if attack is severe apply Cypermethrin 1ml/ liter.,Mobile Adaptation Clinic,26.06.2023
1125,19.06.2025,Nilganj Adaptation Clinic,Kumirmara,Nilganj,Root rot of Bitter gourd,Suggested to apply Dry as h aaaaaaaaand s pray copperoxychloride group of fungicide 1ml/liter,Mobile Adaptation Clinic,26.06.2023
1126,19.06.2025,Nilganj Adaptation Clinic,Kumirmara,Nilganj,Root rot of Bitter gourd,Suggested to apply Dry as h aaaaaaaaand s pray copperoxychloride group of fungicide 1ml/liter,Mobile Adaptation Clinic,26.06.2023
1127,19.06.2025,Nilganj Adaptation Clinic,Kumirmara,Nilganj,Fruit fly attack on Ridge gourd,Suggested to use Pheromone Trap 12 pcs/ bigha. and if attack is severe apply Cypermethrin 1ml/ liter.,Mobile Adaptation Clinic,26.06.2023
1128,19.06.2025,Nilganj Adaptation Clinic,Kumirmara,Nilganj,Root rot of Bitter gourd,Suggested to apply Dry as h aaaaaaaaand s pray copperoxychloride group of fungicide 1ml/liter,Mobile Adaptation Clinic,26.06.2023
1129,19.06.2025,Nilganj Adaptation Clinic,Kumirmara,Nilganj,Root rot of Bitter gourd,Suggested to apply Dry as h aaaaaaaaand s pray copperoxychloride group of fungicide 1ml/liter,Mobile Adaptation Clinic,26.06.2023
1130,24.06.2025,Nilganj Adaptation Clinic,Islampur,Nilganj,Cultivation technique of Aman rice,"Advice to maintain line and logo method, proper drainage in seed bed should maintain",Mobile Adaptation Clinic,02.07.2025
1131,24.06.2025,Nilganj Adaptation Clinic,Neyamotour,Nilganj,Cultivation technique of Aman rice,"Advice to maintain line and logo method, proper drainage in seed bed should maintain",Mobile Adaptation Clinic,02.07.2025
1132,24.06.2025,Nilganj Adaptation Clinic,Mostofapur,Nilganj,Leaf Curl of Bitter gourd,Spray soap water or neem seed soaked water and also suggested to aply Imidacloprid 1ml/liter,Mobile Adaptation Clinic,02.07.2025
1133,25.06.2025,Nilganj Adaptation Clinic,Amirabad,Nilganj,Cultivation technique of Aman rice,"Advice to maintain line and logo method, proper drainage in seed bed should maintain",Mobile Adaptation Clinic,02.07.2025
1134,25.06.2025,Nilganj Adaptation Clinic,Mostofapur,Nilganj,Leaf Curl of Bitter gourd,Spray soap water or neem seed soaked water and also suggested to aply Imidacloprid 1ml/liter,Mobile Adaptation Clinic,03.07.2025
1135,25.06.2025,Nilganj Adaptation Clinic,Mohammadpur,Nilganj,Cultivation technique of Aman rice,"Advice to maintain line and logo method, proper drainage in seed bed should maintain",Mobile Adaptation Clinic,03.07.2025
1136,25.06.2025,Nilganj Adaptation Clinic,Goiatola,Nilganj,Leaf Curl of Bitter gourd,Spray soap water or neem seed soaked water and also suggested to aply Imidacloprid 1ml/liter,Mobile Adaptation Clinic,02.07.2025
1137,25.06.2025,Nilganj Adaptation Clinic,Mohammadpur,Nilganj,Cultivation technique of Aman rice,"Advice to maintain line and logo method, proper drainage in seed bed should maintain",Mobile Adaptation Clinic,02.07.2025
1138,25.06.2025,Nilganj Adaptation Clinic,Dokkin Daulatpur,Nilganj,Fruit fly attack on Bitter gourd,Suggested to use Pheromone Trap 12 pcs/ bigha. and if attack is severe apply Cypermethrin 1ml/ liter.,Mobile Adaptation Clinic,03.07.2025
1139,26.06.2025,Nilganj Adaptation Clinic,Mostofapur,Nilganj,Cultivation technique of Aman rice,"Advice to maintain line and logo method, proper drainage in seed bed should maintain",Mobile Adaptation Clinic,03.07.2025
1140,26.06.2025,Nilganj Adaptation Clinic,Mostofapur,Nilganj,Cultivation technique of Aman rice,"Advice to maintain line and logo method, proper drainage in seed bed should maintain",Mobile Adaptation Clinic,03.07.2026
1141,26.06.2025,Nilganj Adaptation Clinic,Mostofapur,Nilganj,Fruit fly attack on Bitter gourd,Suggested to use Pheromone Trap 12 pcs/ bigha. and if attack is severe apply Cypermethrin 1ml/ liter.,Mobile Adaptation Clinic,03.07.2027
1142,26.06.2025,Nilganj Adaptation Clinic,Mostofapur,Nilganj,Cultivation technique of Aman rice,"Advice to maintain line and logo method, proper drainage in seed bed should maintain",Mobile Adaptation Clinic,02.07.2025
1143,26.06.2025,Nilganj Adaptation Clinic,Mostofapur,Nilganj,Fruit fly attack on Bitter gourd,Suggested to use Pheromone Trap 12 pcs/ bigha. and if attack is severe apply Cypermethrin 1ml/ liter.,Mobile Adaptation Clinic,02.07.2025
1144,26.06.2025,Nilganj Adaptation Clinic,Mostofapur,Nilganj,Fruit fly attack on Bitter gourd,Suggested to use Pheromone Trap 12 pcs/ bigha. and if attack is severe apply Cypermethrin 1ml/ liter.,Mobile Adaptation Clinic,02.07.2025
1145,26.06.2025,Nilganj Adaptation Clinic,Mostofapur,Nilganj,Cultivation technique of Aman rice,"Advice to maintain line and logo method, proper drainage in seed bed should maintain",Mobile Adaptation Clinic,02.07.2025
1146,26.06.2025,Nilganj Adaptation Clinic,Mostofapur,Nilganj,Cultivation technique of Aman rice,"Advice to maintain line and logo method, proper drainage in seed bed should maintain",Mobile Adaptation Clinic,02.07.2025
1147,26.06.2025,Nilganj Adaptation Clinic,Mostofapur,Nilganj,Cultivation technique of Aman rice,"Advice to maintain line and logo method, proper drainage in seed bed should maintain",Mobile Adaptation Clinic,02.07.2025
1148,26.06.2025,Nilganj Adaptation Clinic,Mostofapur,Nilganj,Cultivation technique of Aman rice,"Advice to maintain line and logo method, proper drainage in seed bed should maintain",Mobile Adaptation Clinic,02.07.2025
1149,26.06.2025,Nilganj Adaptation Clinic,Mostofapur,Nilganj,Fruit fly attack on Bitter gourd,Suggested to use Pheromone Trap 12 pcs/ bigha. and if attack is severe apply Cypermethrin 1ml/ liter.,Mobile Adaptation Clinic,02.07.2025
1150,26.06.2025,Nilganj Adaptation Clinic,Mostofapur,Nilganj,Root rot of Bitter gourd,Suggested to apply Dry as h aaaaaaaaand s pray copperoxychloride group of fungicide 1ml/liter,Mobile Adaptation Clinic,02.07.2025
1151,26.06.2025,Nilganj Adaptation Clinic,Mostofapur,Nilganj,Root rot of Bitter gourd,Suggested to apply Dry as h aaaaaaaaand s pray copperoxychloride group of fungicide 1ml/liter,Mobile Adaptation Clinic,02.07.2025
1152,29.06.2025,Nilganj Adaptation Clinic,Kholilpur,Nilganj,Cultivation technique of Aman rice,"Advice to maintain line and logo method, proper drainage in seed bed should maintain",Adaptation clinic,02.07.2025
1153,29.06.2025,Nilganj Adaptation Clinic,Rosnabad,Nilganj,Fruit fly attack on Bitter gourd,Suggested to use Pheromone Trap 12 pcs/ bigha. and if attack is severe apply Cypermethrin 1ml/ liter.,Adaptation clinic,02.07.2025